0,-44
1,25
2,-49
3,-68
4,74
5,54
6,95
7,-67
8,78
9,-58
10,59
11,-5
12,96
13,-95
14,56
15,40
16,-69
17,84
18,-42
19,41
20,-92
21,-50
22,37
23,86
24,-90
25,28
26,-33
27,-30
28,-56
29,-96
30,25
31,46
32,5
33,78
34,34
35,35
36,-57
37,37
38,-47
39,-35
40,-56
41,-54
42,-1
43,71
44,61
45,53
46,-27
47,91
48,60
49,73
50,-64
51,-71
52,25
53,7
54,38
55,-30
56,-34
57,84
58,-61
59,21
60,12
61,-96
62,-67
63,96
64,-34
65,11
66,33
67,-95
68,-71
69,-21
70,-2
71,-8
72,-82
73,-68
74,89
75,27
76,66
77,67
78,-77
79,-2
80,-50
81,-49
82,86
83,-12
84,-70
85,-12
86,11
87,79
88,98
89,-38
90,10
91,74
92,-3
93,-98
94,-68
95,10
96,-32
97,-18
98,18
99,96
100,-33
101,37
102,-75
103,100
104,-86
105,88
106,-77
107,2
108,19
109,-8
110,100
111,-78
112,76
113,70
114,95
115,-70
116,33
117,-3
118,9
119,19
120,71
121,-54
122,78
123,-40
124,-6
125,1
126,83
127,-41
128,12
129,-52
130,81
131,72
132,-53
133,60
134,-53
135,-8
136,-65
137,-16
138,-81
139,100
140,-15
141,-30
142,23
143,67
144,-33
145,-16
146,51
147,15
148,-75
149,31
150,-2
151,30
152,-86
153,-91
154,79
155,39
156,53
157,-12
158,-51
159,-22
160,-42
161,58
162,-72
163,73
164,-49
165,-13
166,-14
167,51
168,31
169,-5
170,-79
171,-52
172,1
173,51
174,-80
175,90
176,24
177,36
178,79
179,36
180,-43
181,-29
182,59
183,-10
184,-90
185,-75
186,-50
187,22
188,-15
189,-51
190,30
191,-60
192,-46
193,51
194,86
195,64
196,8
197,48
198,92
199,69
200,-66
201,86
202,-25
203,-61
204,73
205,-47
206,-51
207,80
208,-83
209,-36
210,-86
211,-61
212,55
213,-2
214,10
215,39
216,33
217,46
218,72
219,-39
220,-3
221,68
222,-65
223,-47
224,-3
225,59
226,98
227,-38
228,-71
229,-26
230,31
231,-98
232,46
233,17
234,-34
235,-6
236,-27
237,-84
238,-26
239,-29
240,-12
241,-97
242,-91
243,8
244,-93
245,-11
246,-24
247,-57
248,-92
249,-68
250,18
251,55
252,37
253,14
254,-6
255,-21
256,-39
257,18
258,-68
259,25
260,93
261,-15
262,87
263,46
264,25
265,-66
266,-17
267,-26
268,46
269,53
270,-8
271,-54
272,41
273,-32
274,36
275,77
276,-20
277,-88
278,-8
279,-78
280,37
281,37
282,-4
283,45
284,33
285,-41
286,58
287,24
288,-13
289,43
290,-34
291,47
292,42
293,-2
294,73
295,33
296,9
297,-6
298,-63
299,-98
300,2
301,-23
302,-90
303,29
304,-39
305,93
306,91
307,-91
308,95
309,34
310,30
311,37
312,-9
313,-9
314,24
315,13
316,87
317,-43
318,96
319,-73
320,95
321,48
322,5
323,-13
324,86
325,25
326,98
327,60
328,1
329,-76
330,-39
331,-69
332,-70
333,0
334,-48
335,90
336,87
337,-21
338,87
339,34
340,57
341,-98
342,-30
343,-14
344,4
345,45
346,-58
347,-8
348,62
349,-35
350,-8
351,-16
352,-43
353,-47
354,70
355,-79
356,-87
357,-38
358,11
359,-63
360,74
361,66
362,4
363,-38
364,71
365,-81
366,69
367,38
368,33
369,-59
370,42
371,-100
372,25
373,-29
374,15
375,-78
376,-15
377,18
378,15
379,-51
380,-12
381,30
382,-43
383,-74
384,-74
385,56
386,-1
387,90
388,-26
389,10
390,-26
391,-60
392,-32
393,-60
394,41
395,38
396,43
397,31
398,-79
399,30
400,86
401,71
402,16
403,-71
404,-58
405,-15
406,79
407,36
408,-93
409,-59
410,-79
411,0
412,71
413,98
414,-97
415,-71
416,16
417,57
418,45
419,70
420,89
421,61
422,62
423,-17
424,94
425,72
426,50
427,-55
428,42
429,-78
430,93
431,69
432,-3
433,73
434,70
435,53
436,-90
437,-25
438,1
439,-39
440,21
441,23
442,-52
443,9
444,80
445,-2
446,87
447,21
448,-88
449,41
450,90
451,-21
452,43
453,93
454,72
455,23
456,-69
457,-23
458,42
459,15
460,13
461,83
462,87
463,-9
464,-16
465,27
466,97
467,-26
468,3
469,85
470,-61
471,-24
472,29
473,87
474,23
475,-28
476,-40
477,68
478,59
479,60
480,-25
481,98
482,29
483,82
484,-9
485,-9
486,-77
487,59
488,27
489,-40
490,38
491,-74
492,87
493,83
494,-75
495,86
496,-59
497,21
498,-12
499,-76
500,60
501,-75
502,-28
503,11
504,-79
505,-69
506,70
507,46
508,13
509,-74
510,-91
511,-41
512,26
513,-93
514,-24
515,-14
516,70
517,-80
518,48
519,-59
520,-5
521,-74
522,89
523,96
524,-42
525,-13
526,-54
527,83
528,19
529,-77
530,82
531,85
532,91
533,23
534,92
535,25
536,-52
537,-46
538,49
539,-89
540,-77
541,89
542,30
543,64
544,-45
545,-58
546,65
547,43
548,-34
549,-47
550,0
551,-50
552,-84
553,-28
554,53
555,84
556,84
557,-25
558,12
559,-39
560,52
561,11
562,-89
563,-24
564,81
565,-10
566,12
567,24
568,23
569,-48
570,-73
571,14
572,-62
573,-27
574,-56
575,-20
576,-77
577,64
578,38
579,-49
580,-57
581,45
582,57
583,23
584,-47
585,-16
586,7
587,-3
588,94
589,91
590,94
591,-63
592,-67
593,-55
594,43
595,72
596,-30
597,-70
598,-37
599,76
600,-64
601,-87
602,99
603,-80
604,62
605,73
606,85
607,-58
608,-34
609,-69
610,77
611,-51
612,39
613,46
614,5
615,-66
616,-79
617,47
618,59
619,90
620,-5
621,86
622,92
623,68
624,25
625,-22
626,49
627,-22
628,80
629,40
630,96
631,67
632,-54
633,8
634,-27
635,-44
636,91
637,-8
638,8
639,36
640,-18
641,5
642,-35
643,19
644,47
645,-96
646,-46
647,-96
648,-84
649,35
650,-73
651,-44
652,-48
653,14
654,20
655,66
656,-35
657,-34
658,-65
659,56
660,95
661,18
662,83
663,-55
664,-24
665,22
666,-25
667,-8
668,-28
669,22
670,-13
671,-15
672,-66
673,-75
674,-87
675,84
676,-57
677,63
678,-64
679,-3
680,96
681,24
682,-57
683,-77
684,-97
685,8
686,12
687,74
688,51
689,-51
690,-87
691,-6
692,66
693,54
694,-88
695,91
696,25
697,-85
698,-41
699,33
700,26
701,-50
702,18
703,-34
704,58
705,-60
706,-51
707,22
708,63
709,51
710,99
711,-81
712,86
713,72
714,65
715,90
716,-52
717,-96
718,-81
719,92
720,56
721,-33
722,25
723,39
724,25
725,20
726,87
727,-62
728,-53
729,50
730,-23
731,33
732,-50
733,54
734,6
735,-13
736,62
737,84
738,-93
739,38
740,-82
741,-99
742,-92
743,19
744,-14
745,47
746,68
747,65
748,-30
749,25
750,-86
751,-47
752,17
753,51
754,-85
755,-20
756,-44
757,-99
758,32
759,-47
760,79
761,-17
762,-74
763,93
764,-9
765,-93
766,-10
767,-86
768,-82
769,-21
770,67
771,98
772,-20
773,-62
774,-53
775,96
776,-38
777,-8
778,-51
779,25
780,5
781,-11
782,85
783,-66
784,39
785,23
786,71
787,-53
788,23
789,-46
790,-100
791,57
792,21
793,66
794,-99
795,47
796,-16
797,-22
798,-87
799,47
800,71
801,54
802,100
803,99
804,95
805,-33
806,-85
807,-18
808,49
809,-43
810,-82
811,84
812,69
813,-87
814,41
815,-34
816,-91
817,-88
818,-31
819,11
820,-46
821,-49
822,-53
823,12
824,40
825,39
826,33
827,84
828,-72
829,27
830,48
831,-67
832,31
833,-81
834,-90
835,90
836,78
837,-93
838,47
839,-30
840,-51
841,-15
842,5
843,95
844,-55
845,8
846,-87
847,12
848,67
849,-77
850,-66
851,-14
852,44
853,-56
854,-40
855,21
856,76
857,39
858,54
859,-70
860,-15
861,-99
862,-20
863,-40
864,-20
865,-12
866,21
867,57
868,-94
869,-43
870,75
871,-27
872,40
873,-99
874,61
875,57
876,-24
877,-28
878,-59
879,89
880,29
881,68
882,89
883,37
884,-34
885,84
886,34
887,-72
888,-61
889,-5
890,-75
891,61
892,87
893,-39
894,8
895,-38
896,-38
897,67
898,-32
899,-68
900,-63
901,12
902,61
903,-34
904,-47
905,-60
906,-47
907,-80
908,89
909,-5
910,93
911,50
912,-28
913,-58
914,-20
915,69
916,-50
917,17
918,-10
919,27
920,95
921,32
922,25
923,89
924,-60
925,42
926,-33
927,17
928,94
929,-55
930,-89
931,-5
932,89
933,63
934,-13
935,-33
936,4
937,-83
938,-28
939,-35
940,-40
941,-25
942,54
943,-9
944,-42
945,-60
946,-18
947,-69
948,2
949,73
950,-34
951,54
952,95
953,65
954,-49
955,-26
956,9
957,80
958,-7
959,46
960,-32
961,25
962,26
963,66
964,50
965,-7
966,-54
967,30
968,-32
969,48
970,23
971,29
972,54
973,90
974,22
975,62
976,97
977,56
978,71
979,19
980,99
981,87
982,27
983,-10
984,-46
985,10
986,-81
987,17
988,-55
989,100
990,-56
991,12
992,38
993,85
994,-92
995,-90
996,76
997,-15
998,-41
999,53
1000,99
1001,-53
1002,29
1003,79
1004,-8
1005,17
1006,-81
1007,43
1008,-13
1009,63
1010,60
1011,57
1012,-24
1013,-17
1014,-62
1015,51
1016,-52
1017,-32
1018,-34
1019,70
1020,-53
1021,37
1022,9
1023,-71
1024,22
1025,-97
1026,-28
1027,31
1028,-5
1029,-95
1030,-44
1031,-15
1032,-91
1033,4
1034,-64
1035,43
1036,-32
1037,-76
1038,-13
1039,-28
1040,80
1041,-57
1042,-31
1043,-66
1044,-56
1045,-20
1046,-5
1047,-90
1048,30
1049,47
1050,-61
1051,-76
1052,-2
1053,95
1054,89
1055,49
1056,-77
1057,51
1058,48
1059,85
1060,0
1061,-75
1062,-4
1063,9
1064,-22
1065,28
1066,-93
1067,-20
1068,-59
1069,79
1070,-15
1071,-84
1072,-94
1073,65
1074,41
1075,75
1076,90
1077,-7
1078,19
1079,72
1080,14
1081,-73
1082,-87
1083,-91
1084,41
1085,-7
1086,-11
1087,60
1088,-10
1089,96
1090,-6
1091,64
1092,60
1093,95
1094,47
1095,-37
1096,-35
1097,5
1098,-79
1099,96
1100,48
1101,35
1102,-8
1103,-6
1104,66
1105,-10
1106,-63
1107,45
1108,55
1109,28
1110,-68
1111,100
1112,-4
1113,-100
1114,-25
1115,-97
1116,0
1117,-65
1118,55
1119,-87
1120,-40
1121,0
1122,70
1123,-92
1124,-100
1125,-26
1126,0
1127,-82
1128,-9
1129,-90
1130,-22
1131,-57
1132,-13
1133,46
1134,-4
1135,-26
1136,15
1137,75
1138,-66
1139,-52
1140,59
1141,-22
1142,-7
1143,-22
1144,-69
1145,51
1146,45
1147,-65
1148,-53
1149,15
1150,-60
1151,-17
1152,35
1153,-84
1154,-26
1155,-97
1156,26
1157,9
1158,73
1159,-1
1160,53
1161,-70
1162,100
1163,11
1164,19
1165,55
1166,-82
1167,58
1168,86
1169,75
1170,-70
1171,54
1172,83
1173,41
1174,-28
1175,-37
1176,39
1177,47
1178,37
1179,-34
1180,-62
1181,28
1182,21
1183,-100
1184,75
1185,-7
1186,12
1187,75
1188,-98
1189,-62
1190,-13
1191,-34
1192,-4
1193,33
1194,-82
1195,-60
1196,-10
1197,-98
1198,-10
1199,90
1200,92
1201,-75
1202,49
1203,-55
1204,91
1205,-93
1206,-55
1207,-74
1208,15
1209,-46
1210,-93
1211,-97
1212,0
1213,54
1214,-10
1215,-61
1216,17
1217,-30
1218,-97
1219,-7
1220,-24
1221,-4
1222,-12
1223,28
1224,-37
1225,-22
1226,90
1227,-91
1228,-99
1229,-77
1230,-35
1231,-28
1232,90
1233,-31
1234,18
1235,-26
1236,-9
1237,-47
1238,-69
1239,11
1240,30
1241,43
1242,21
1243,1
1244,-82
1245,82
1246,51
1247,10
1248,74
1249,-21
1250,4
1251,-30
1252,49
1253,-91
1254,53
1255,36
1256,-60
1257,-68
1258,100
1259,51
1260,-70
1261,-60
1262,-82
1263,36
1264,30
1265,-64
1266,-1
1267,28
1268,89
1269,56
1270,55
1271,-26
1272,-92
1273,-37
1274,-43
1275,60
1276,56
1277,-21
1278,-56
1279,77
1280,-91
1281,-50
1282,71
1283,65
1284,95
1285,-98
1286,59
1287,79
1288,0
1289,42
1290,29
1291,25
1292,18
1293,74
1294,30
1295,67
1296,-88
1297,-40
1298,-39
1299,-75
1300,40
1301,-17
1302,-45
1303,46
1304,-54
1305,-38
1306,-76
1307,17
1308,-67
1309,-84
1310,-84
1311,-65
1312,75
1313,11
1314,87
1315,77
1316,66
1317,93
1318,10
1319,-99
1320,80
1321,56
1322,-3
1323,52
1324,78
1325,-61
1326,13
1327,81
1328,23
1329,-53
1330,100
1331,53
1332,71
1333,-9
1334,0
1335,79
1336,-75
1337,87
1338,-57
1339,-39
1340,55
1341,-51
1342,-64
1343,39
1344,-26
1345,73
1346,58
1347,-43
1348,70
1349,82
1350,25
1351,88
1352,-25
1353,-87
1354,-65
1355,79
1356,-16
1357,41
1358,-100
1359,-46
1360,100
1361,21
1362,22
1363,-78
1364,-22
1365,49
1366,70
1367,-20
1368,72
1369,-29
1370,50
1371,-87
1372,80
1373,36
1374,89
1375,74
1376,92
1377,46
1378,3
1379,-10
1380,-8
1381,-24
1382,-42
1383,56
1384,-35
1385,-56
1386,-12
1387,14
1388,-4
1389,-15
1390,29
1391,-3
1392,-45
1393,84
1394,-41
1395,-7
1396,-62
1397,-6
1398,-39
1399,97
1400,-100
1401,46
1402,-96
1403,55
1404,43
1405,23
1406,-27
1407,-27
1408,-22
1409,35
1410,-43
1411,15
1412,79
1413,-24
1414,-44
1415,80
1416,-14
1417,83
1418,-70
1419,99
1420,-70
1421,64
1422,69
1423,-40
1424,85
1425,39
1426,-43
1427,71
1428,75
1429,-18
1430,-1
1431,23
1432,-21
1433,-64
1434,-9
1435,97
1436,-46
1437,51
1438,-77
1439,-89
1440,43
1441,-63
1442,-18
1443,-2
1444,-42
1445,-36
1446,-92
1447,74
1448,52
1449,41
1450,-50
1451,-77
1452,-34
1453,62
1454,4
1455,47
1456,26
1457,-28
1458,92
1459,-93
1460,-100
1461,39
1462,23
1463,-11
1464,-42
1465,56
1466,1
1467,97
1468,-26
1469,-38
1470,-18
1471,-81
1472,-18
1473,47
1474,-45
1475,73
1476,12
1477,-67
1478,2
1479,-5
1480,34
1481,-59
1482,49
1483,15
1484,69
1485,72
1486,-66
1487,-97
1488,9
1489,-14
1490,41
1491,-8
1492,88
1493,98
1494,-15
1495,74
1496,-50
1497,24
1498,57
1499,57
1500,48
1501,76
1502,-100
1503,52
1504,-60
1505,40
1506,-34
1507,93
1508,2
1509,-46
1510,-36
1511,39
1512,87
1513,83
1514,52
1515,50
1516,-41
1517,67
1518,80
1519,9
1520,-83
1521,-51
1522,-94
1523,-40
1524,75
1525,-10
1526,-36
1527,4
1528,-68
1529,37
1530,83
1531,-68
1532,86
1533,22
1534,-31
1535,26
1536,-46
1537,2
1538,-65
1539,67
1540,51
1541,6
1542,18
1543,58
1544,22
1545,-20
1546,0
1547,43
1548,-69
1549,-93
1550,-18
1551,98
1552,-84
1553,-56
1554,21
1555,-2
1556,72
1557,27
1558,-48
1559,-53
1560,-46
1561,95
1562,39
1563,3
1564,-32
1565,-85
1566,-13
1567,-8
1568,-96
1569,8
1570,-9
1571,-50
1572,56
1573,-54
1574,-71
1575,-61
1576,-70
1577,-84
1578,-33
1579,-34
1580,42
1581,-33
1582,-99
1583,-55
1584,26
1585,35
1586,-82
1587,22
1588,64
1589,21
1590,64
1591,-92
1592,-59
1593,-2
1594,94
1595,-86
1596,-69
1597,-30
1598,69
1599,-60
1600,-39
1601,-79
1602,90
1603,43
1604,80
1605,-60
1606,-35
1607,10
1608,-43
1609,-10
1610,25
1611,-80
1612,-74
1613,-99
1614,13
1615,-32
1616,-56
1617,92
1618,-31
1619,99
1620,-9
1621,86
1622,-67
1623,-55
1624,79
1625,-75
1626,38
1627,37
1628,2
1629,89
1630,49
1631,-81
1632,-55
1633,-2
1634,-7
1635,-28
1636,-45
1637,34
1638,-83
1639,50
1640,-72
1641,84
1642,76
1643,-44
1644,-13
1645,62
1646,18
1647,31
1648,38
1649,-33
1650,-60
1651,43
1652,-26
1653,12
1654,-94
1655,-41
1656,20
1657,62
1658,88
1659,95
1660,-46
1661,65
1662,85
1663,2
1664,-35
1665,93
1666,-100
1667,-70
1668,81
1669,-20
1670,96
1671,79
1672,-63
1673,71
1674,35
1675,69
1676,-12
1677,93
1678,-83
1679,38
1680,-65
1681,-90
1682,41
1683,7
1684,99
1685,100
1686,57
1687,84
1688,97
1689,-17
1690,59
1691,-47
1692,-49
1693,-4
1694,51
1695,-75
1696,-21
1697,56
1698,12
1699,46
1700,29
1701,16
1702,-74
1703,-40
1704,-63
1705,22
1706,46
1707,-8
1708,68
1709,-66
1710,59
1711,-64
1712,-62
1713,-35
1714,84
1715,97
1716,21
1717,-68
1718,-28
1719,-98
1720,98
1721,45
1722,10
1723,28
1724,-98
1725,65
1726,-58
1727,61
1728,32
1729,-71
1730,-46
1731,-23
1732,-62
1733,82
1734,-38
1735,-3
1736,-37
1737,5
1738,62
1739,12
1740,-70
1741,14
1742,91
1743,-79
1744,26
1745,-22
1746,-95
1747,-58
1748,-45
1749,-7
1750,-46
1751,57
1752,85
1753,24
1754,-2
1755,63
1756,-94
1757,-48
1758,70
1759,18
1760,23
1761,-55
1762,-20
1763,-52
1764,-82
1765,-5
1766,66
1767,-54
1768,-91
1769,79
1770,61
1771,-52
1772,55
1773,65
1774,-15
1775,26
1776,30
1777,-29
1778,-40
1779,-61
1780,-97
1781,57
1782,40
1783,11
1784,-8
1785,66
1786,-90
1787,-42
1788,23
1789,35
1790,62
1791,57
1792,-71
1793,-67
1794,-55
1795,-80
1796,41
1797,85
1798,23
1799,-1
1800,-57
1801,92
1802,29
1803,-25
1804,81
1805,-94
1806,23
1807,-63
1808,60
1809,-28
1810,-81
1811,17
1812,28
1813,-11
1814,-39
1815,83
1816,23
1817,-77
1818,53
1819,-41
1820,76
1821,-28
1822,68
1823,86
1824,-11
1825,-82
1826,-67
1827,-14
1828,-49
1829,-34
1830,-61
1831,-10
1832,98
1833,86
1834,-15
1835,3
1836,17
1837,49
1838,26
1839,-23
1840,94
1841,0
1842,81
1843,46
1844,43
1845,-42
1846,-12
1847,37
1848,40
1849,-62
1850,-52
1851,45
1852,61
1853,-70
1854,-43
1855,42
1856,-81
1857,-89
1858,53
1859,-11
1860,67
1861,-56
1862,39
1863,9
1864,80
1865,-88
1866,-41
1867,92
1868,50
1869,98
1870,-87
1871,-90
1872,-21
1873,73
1874,-52
1875,41
1876,62
1877,11
1878,-97
1879,69
1880,-14
1881,44
1882,-70
1883,-55
1884,-60
1885,-36
1886,-88
1887,-78
1888,97
1889,-75
1890,17
1891,-70
1892,-37
1893,22
1894,55
1895,-17
1896,56
1897,-1
1898,3
1899,34
1900,-69
1901,-43
1902,-70
1903,-43
1904,26
1905,-5
1906,58
1907,-29
1908,-55
1909,-98
1910,2
1911,32
1912,68
1913,-28
1914,-43
1915,-70
1916,57
1917,13
1918,48
1919,-48
1920,-26
1921,-35
1922,-33
1923,-63
1924,-2
1925,-96
1926,59
1927,73
1928,75
1929,-33
1930,-21
1931,-18
1932,-26
1933,27
1934,49
1935,-39
1936,17
1937,-39
1938,-48
1939,-68
1940,-76
1941,81
1942,-90
1943,14
1944,-40
1945,52
1946,20
1947,18
1948,-93
1949,-70
1950,-22
1951,19
1952,59
1953,27
1954,64
1955,84
1956,93
1957,-32
1958,18
1959,97
1960,38
1961,47
1962,-18
1963,15
1964,66
1965,-11
1966,-58
1967,30
1968,7
1969,-26
1970,3
1971,-21
1972,13
1973,74
1974,-34
1975,-43
1976,1
1977,-2
1978,-98
1979,-30
1980,-30
1981,49
1982,54
1983,43
1984,-51
1985,-100
1986,79
1987,-10
1988,-70
1989,-89
1990,40
1991,-85
1992,-76
1993,48
1994,-88
1995,-24
1996,64
1997,28
1998,23
1999,-95
2000,-81
2001,21
2002,-8
2003,-95
2004,-23
2005,-83
2006,19
2007,38
2008,12
2009,-78
2010,25
2011,91
2012,73
2013,-8
2014,-72
2015,-20
2016,93
2017,-33
2018,8
2019,23
2020,-34
2021,-99
2022,-65
2023,21
2024,-14
2025,-19
2026,99
2027,26
2028,-9
2029,21
2030,5
2031,-26
2032,-61
2033,78
2034,-72
2035,41
2036,-41
2037,-64
2038,55
2039,71
2040,73
2041,-74
2042,24
2043,18
2044,33
2045,93
2046,-10
2047,47
2048,13
2049,15
2050,72
2051,94
2052,35
2053,20
2054,40
2055,-34
2056,-57
2057,45
2058,87
2059,94
2060,41
2061,-60
2062,-72
2063,66
2064,-74
2065,-83
2066,37
2067,68
2068,72
2069,-52
2070,-42
2071,-65
2072,-72
2073,-86
2074,-53
2075,-48
2076,29
2077,-43
2078,-65
2079,95
2080,-92
2081,14
2082,91
2083,50
2084,-74
2085,23
2086,12
2087,-62
2088,-34
2089,39
2090,29
2091,37
2092,-24
2093,48
2094,-42
2095,55
2096,3
2097,-78
2098,-51
2099,11
2100,-8
2101,69
2102,-54
2103,-66
2104,-1
2105,-29
2106,76
2107,23
2108,4
2109,-98
2110,-19
2111,18
2112,32
2113,-75
2114,-70
2115,84
2116,1
2117,-30
2118,15
2119,-34
2120,-80
2121,-51
2122,-81
2123,68
2124,-69
2125,100
2126,-32
2127,59
2128,-28
2129,46
2130,-62
2131,34
2132,-27
2133,99
2134,-44
2135,23
2136,-22
2137,-8
2138,88
2139,-88
2140,73
2141,-67
2142,60
2143,-42
2144,-79
2145,-90
2146,50
2147,-60
2148,-1
2149,18
2150,-50
2151,-75
2152,-71
2153,-39
2154,-52
2155,-71
2156,3
2157,-55
2158,-49
2159,43
2160,97
2161,47
2162,79
2163,55
2164,23
2165,-59
2166,31
2167,-5
2168,22
2169,54
2170,-99
2171,38
2172,-79
2173,-53
2174,36
2175,99
2176,-27
2177,-72
2178,-55
2179,100
2180,16
2181,16
2182,25
2183,-60
2184,-29
2185,57
2186,-58
2187,-76
2188,57
2189,-69
2190,24
2191,11
2192,-98
2193,75
2194,66
2195,-74
2196,-66
2197,-11
2198,-59
2199,-99
2200,-51
2201,33
2202,41
2203,-38
2204,6
2205,-63
2206,83
2207,66
2208,53
2209,-82
2210,-81
2211,-8
2212,-78
2213,99
2214,-39
2215,-33
2216,-80
2217,-4
2218,-71
2219,80
2220,-66
2221,-98
2222,23
2223,9
2224,4
2225,77
2226,23
2227,41
2228,56
2229,-72
2230,-22
2231,19
2232,57
2233,-11
2234,57
2235,8
2236,-62
2237,-16
2238,85
2239,-67
2240,-98
2241,25
2242,-98
2243,-21
2244,-45
2245,-96
2246,14
2247,24
2248,96
2249,-48
2250,-25
2251,-17
2252,37
2253,-17
2254,96
2255,-67
2256,59
2257,-15
2258,82
2259,-54
2260,-79
2261,-56
2262,-50
2263,86
2264,-92
2265,-8
2266,-86
2267,17
2268,-81
2269,71
2270,59
2271,12
2272,-81
2273,-13
2274,38
2275,-13
2276,-72
2277,-44
2278,-55
2279,-53
2280,97
2281,77
2282,-52
2283,-43
2284,-59
2285,7
2286,-84
2287,-78
2288,19
2289,-62
2290,-6
2291,-69
2292,8
2293,-96
2294,-18
2295,64
2296,-64
2297,93
2298,-9
2299,-13
2300,97
2301,68
2302,-68
2303,66
2304,-22
2305,-73
2306,89
2307,65
2308,9
2309,78
2310,48
2311,46
2312,-12
2313,-73
2314,-58
2315,74
2316,-11
2317,87
2318,73
2319,-47
2320,83
2321,62
2322,-61
2323,15
2324,-14
2325,-18
2326,-87
2327,-27
2328,41
2329,-57
2330,98
2331,66
2332,6
2333,-54
2334,-35
2335,96
2336,29
2337,-27
2338,38
2339,17
2340,-46
2341,-9
2342,-86
2343,50
2344,-92
2345,52
2346,77
2347,-55
2348,99
2349,42
2350,77
2351,56
2352,-71
2353,72
2354,-88
2355,-17
2356,83
2357,38
2358,-89
2359,82
2360,-8
2361,-17
2362,49
2363,-72
2364,-54
2365,-35
2366,-92
2367,-57
2368,72
2369,38
2370,92
2371,-10
2372,64
2373,94
2374,77
2375,-57
2376,58
2377,-17
2378,75
2379,-76
2380,-57
2381,-22
2382,-49
2383,88
2384,-93
2385,80
2386,-85
2387,-52
2388,94
2389,31
2390,61
2391,82
2392,26
2393,51
2394,96
2395,15
2396,-28
2397,82
2398,62
2399,-98
2400,-5
2401,27
2402,64
2403,73
2404,31
2405,97
2406,-24
2407,-48
2408,-89
2409,57
2410,95
2411,-83
2412,-25
2413,94
2414,48
2415,-29
2416,25
2417,-5
2418,-19
2419,-31
2420,-14
2421,4
2422,-44
2423,-71
2424,46
2425,-22
2426,89
2427,88
2428,-72
2429,-63
2430,28
2431,-90
2432,-55
2433,53
2434,-1
2435,100
2436,97
2437,-5
2438,-35
2439,-52
2440,10
2441,-1
2442,94
2443,-39
2444,13
2445,89
2446,28
2447,58
2448,-24
2449,-83
2450,-40
2451,57
2452,97
2453,-88
2454,-77
2455,10
2456,35
2457,-13
2458,-94
2459,65
2460,9
2461,79
2462,-69
2463,-63
2464,-59
2465,9
2466,-51
2467,42
2468,92
2469,77
2470,-77
2471,45
2472,-38
2473,-65
2474,70
2475,51
2476,47
2477,-49
2478,73
2479,-53
2480,100
2481,-58
2482,-84
2483,-48
2484,-67
2485,-18
2486,-9
2487,-32
2488,33
2489,90
2490,51
2491,7
2492,-8
2493,-60
2494,8
2495,12
2496,70
2497,-12
2498,-3
2499,28
2500,-5
2501,-71
2502,58
2503,-6
2504,46
2505,-22
2506,21
2507,-92
2508,27
2509,-40
2510,90
2511,80
2512,25
2513,-44
2514,-61
2515,-53
2516,-39
2517,-54
2518,-72
2519,78
2520,-52
2521,-93
2522,34
2523,-85
2524,15
2525,54
2526,28
2527,-10
2528,80
2529,74
2530,32
2531,-89
2532,-27
2533,29
2534,76
2535,1
2536,8
2537,39
2538,-22
2539,20
2540,84
2541,92
2542,93
2543,-52
2544,41
2545,41
2546,-70
2547,90
2548,29
2549,32
2550,5
2551,56
2552,-29
2553,41
2554,-15
2555,-60
2556,-11
2557,40
2558,68
2559,-12
2560,3
2561,-59
2562,-26
2563,-89
2564,-52
2565,-56
2566,15
2567,-92
2568,62
2569,8
2570,-15
2571,-4
2572,-97
2573,25
2574,30
2575,76
2576,-93
2577,76
2578,12
2579,-54
2580,-57
2581,-41
2582,13
2583,75
2584,-54
2585,91
2586,70
2587,-29
2588,-15
2589,15
2590,-71
2591,-41
2592,-75
2593,69
2594,-48
2595,-27
2596,8
2597,-52
2598,32
2599,5
2600,97
2601,-5
2602,-100
2603,-3
2604,-50
2605,-91
2606,-46
2607,44
2608,45
2609,-75
2610,-67
2611,49
2612,84
2613,-64
2614,67
2615,-51
2616,-8
2617,46
2618,51
2619,39
2620,54
2621,-9
2622,-73
2623,96
2624,12
2625,-86
2626,-83
2627,-9
2628,30
2629,-9
2630,-2
2631,29
2632,66
2633,78
2634,9
2635,-58
2636,61
2637,14
2638,47
2639,68
2640,-49
2641,51
2642,50
2643,59
2644,0
2645,77
2646,1
2647,-78
2648,100
2649,95
2650,-81
2651,-71
2652,17
2653,76
2654,99
2655,36
2656,94
2657,-48
2658,42
2659,8
2660,32
2661,-67
2662,-100
2663,-56
2664,-8
2665,-51
2666,4
2667,68
2668,32
2669,86
2670,-2
2671,10
2672,-12
2673,-81
2674,-62
2675,-10
2676,9
2677,-29
2678,-34
2679,-100
2680,-73
2681,19
2682,92
2683,-46
2684,49
2685,61
2686,0
2687,66
2688,64
2689,24
2690,-91
2691,6
2692,27
2693,-82
2694,54
2695,-17
2696,-40
2697,87
2698,14
2699,-22
2700,23
2701,-27
2702,32
2703,-23
2704,-1
2705,-30
2706,2
2707,-2
2708,-6
2709,-86
2710,26
2711,22
2712,-3
2713,-6
2714,-16
2715,-8
2716,-99
2717,40
2718,-96
2719,-86
2720,97
2721,-24
2722,-65
2723,-87
2724,-22
2725,-17
2726,90
2727,-1
2728,-62
2729,-49
2730,-29
2731,3
2732,-14
2733,9
2734,72
2735,-88
2736,76
2737,52
2738,62
2739,-15
2740,7
2741,-100
2742,-22
2743,76
2744,-98
2745,-19
2746,53
2747,43
2748,-93
2749,5
2750,8
2751,-47
2752,24
2753,56
2754,-59
2755,-1
2756,25
2757,68
2758,-55
2759,-98
2760,-49
2761,15
2762,29
2763,33
2764,14
2765,30
2766,-26
2767,15
2768,-8
2769,1
2770,-59
2771,-17
2772,79
2773,2
2774,-76
2775,88
2776,-95
2777,-51
2778,-42
2779,63
2780,-53
2781,28
2782,16
2783,-10
2784,-47
2785,100
2786,-25
2787,77
2788,79
2789,-5
2790,99
2791,48
2792,93
2793,-66
2794,-35
2795,83
2796,-8
2797,-43
2798,-89
2799,-75
2800,-10
2801,55
2802,-95
2803,-13
2804,-4
2805,-1
2806,92
2807,-73
2808,-60
2809,48
2810,-11
2811,-50
2812,77
2813,84
2814,-33
2815,97
2816,56
2817,-68
2818,-99
2819,-98
2820,14
2821,89
2822,-75
2823,31
2824,-68
2825,-36
2826,-24
2827,-74
2828,-49
2829,21
2830,-24
2831,-87
2832,-26
2833,30
2834,26
2835,-74
2836,-82
2837,-43
2838,22
2839,-83
2840,9
2841,26
2842,49
2843,-60
2844,-66
2845,39
2846,5
2847,-34
2848,-21
2849,-26
2850,1
2851,-16
2852,71
2853,-31
2854,-64
2855,79
2856,-90
2857,-56
2858,71
2859,75
2860,-85
2861,-73
2862,-31
2863,-90
2864,-78
2865,-42
2866,-5
2867,72
2868,-21
2869,45
2870,-25
2871,13
2872,-23
2873,33
2874,50
2875,24
2876,-89
2877,60
2878,1
2879,-56
2880,31
2881,46
2882,-23
2883,-45
2884,67
2885,-64
2886,-50
2887,85
2888,-85
2889,-80
2890,84
2891,-13
2892,61
2893,82
2894,21
2895,80
2896,83
2897,40
2898,-83
2899,38
2900,68
2901,-92
2902,-57
2903,20
2904,-20
2905,1
2906,-55
2907,-71
2908,-25
2909,-6
2910,-63
2911,25
2912,-13
2913,-45
2914,-54
2915,22
2916,-15
2917,-2
2918,-90
2919,-29
2920,-67
2921,-80
2922,62
2923,63
2924,-66
2925,-7
2926,-20
2927,43
2928,-36
2929,85
2930,-72
2931,-6
2932,63
2933,-97
2934,24
2935,-11
2936,35
2937,58
2938,84
2939,-75
2940,57
2941,-9
2942,-79
2943,39
2944,-99
2945,-98
2946,51
2947,-99
2948,-23
2949,55
2950,74
2951,-92
2952,3
2953,-22
2954,73
2955,42
2956,59
2957,51
2958,10
2959,44
2960,-45
2961,-97
2962,-24
2963,36
2964,-10
2965,78
2966,30
2967,12
2968,7
2969,-69
2970,56
2971,26
2972,56
2973,97
2974,-22
2975,68
2976,96
2977,94
2978,45
2979,83
2980,-44
2981,88
2982,27
2983,-90
2984,26
2985,-93
2986,7
2987,19
2988,-84
2989,-52
2990,-8
2991,-12
2992,-95
2993,75
2994,27
2995,18
2996,61
2997,-41
2998,-93
2999,17
3000,39
3001,-63
3002,46
3003,-4
3004,49
3005,42
3006,51
3007,30
3008,-52
3009,-87
3010,-87
3011,-24
3012,21
3013,-10
3014,58
3015,28
3016,-9
3017,-70
3018,-27
3019,22
3020,-30
3021,63
3022,-67
3023,20
3024,-67
3025,-2
3026,67
3027,-72
3028,44
3029,-16
3030,-87
3031,-7
3032,-44
3033,-17
3034,74
3035,-65
3036,80
3037,57
3038,-1
3039,88
3040,-89
3041,-52
3042,40
3043,-47
3044,23
3045,-71
3046,-13
3047,-28
3048,-65
3049,49
3050,85
3051,23
3052,38
3053,78
3054,-49
3055,-75
3056,34
3057,50
3058,-98
3059,-91
3060,81
3061,77
3062,15
3063,-51
3064,27
3065,-18
3066,-23
3067,92
3068,-51
3069,72
3070,5
3071,56
3072,-80
3073,-24
3074,50
3075,-85
3076,-14
3077,-13
3078,-50
3079,82
3080,-17
3081,66
3082,100
3083,-55
3084,-88
3085,-45
3086,81
3087,-68
3088,62
3089,11
3090,-45
3091,35
3092,84
3093,55
3094,-84
3095,-30
3096,8
3097,32
3098,1
3099,57
3100,37
3101,95
3102,-33
3103,-18
3104,-35
3105,-33
3106,-36
3107,-75
3108,-90
3109,-71
3110,1
3111,-57
3112,-83
3113,-20
3114,-26
3115,48
3116,-38
3117,-38
3118,95
3119,-83
3120,-55
3121,46
3122,66
3123,-67
3124,-65
3125,29
3126,20
3127,-51
3128,-85
3129,21
3130,29
3131,-36
3132,91
3133,36
3134,-93
3135,-31
3136,97
3137,93
3138,49
3139,-35
3140,-44
3141,6
3142,-88
3143,-4
3144,-14
3145,-24
3146,83
3147,-61
3148,-84
3149,59
3150,53
3151,-6
3152,75
3153,-88
3154,99
3155,-35
3156,74
3157,10
3158,73
3159,54
3160,42
3161,40
3162,-62
3163,92
3164,24
3165,-92
3166,-45
3167,-52
3168,58
3169,-88
3170,-38
3171,-20
3172,59
3173,-27
3174,-29
3175,-90
3176,-83
3177,46
3178,40
3179,-29
3180,72
3181,93
3182,-33
3183,-68
3184,-80
3185,-22
3186,-76
3187,50
3188,-74
3189,92
3190,-88
3191,71
3192,-60
3193,-39
3194,54
3195,61
3196,-74
3197,1
3198,-30
3199,-96
3200,37
3201,-26
3202,-4
3203,55
3204,-82
3205,81
3206,-7
3207,6
3208,-98
3209,-44
3210,53
3211,36
3212,93
3213,7
3214,-59
3215,-65
3216,18
3217,-6
3218,54
3219,35
3220,72
3221,71
3222,-90
3223,50
3224,39
3225,69
3226,87
3227,40
3228,45
3229,-86
3230,-78
3231,73
3232,-92
3233,33
3234,58
3235,15
3236,2
3237,68
3238,-92
3239,50
3240,-3
3241,86
3242,-41
3243,-33
3244,24
3245,48
3246,12
3247,47
3248,-39
3249,94
3250,0
3251,-78
3252,69
3253,39
3254,-38
3255,69
3256,30
3257,25
3258,-2
3259,-64
3260,5
3261,-72
3262,-85
3263,-79
3264,6
3265,27
3266,77
3267,31
3268,-47
3269,-32
3270,-41
3271,47
3272,-67
3273,-2
3274,25
3275,-49
3276,68
3277,-56
3278,-67
3279,-35
3280,28
3281,19
3282,95
3283,56
3284,34
3285,-34
3286,67
3287,63
3288,71
3289,94
3290,-55
3291,2
3292,-11
3293,27
3294,-53
3295,-42
3296,-66
3297,88
3298,-2
3299,17
3300,-26
3301,-91
3302,-87
3303,47
3304,-92
3305,48
3306,-87
3307,-85
3308,0
3309,-81
3310,-25
3311,30
3312,-50
3313,-92
3314,95
3315,-77
3316,67
3317,-60
3318,-42
3319,7
3320,4
3321,-75
3322,-85
3323,40
3324,-32
3325,78
3326,-41
3327,-50
3328,-32
3329,-57
3330,-15
3331,29
3332,42
3333,-85
3334,59
3335,-58
3336,-18
3337,-8
3338,-76
3339,-77
3340,-36
3341,-97
3342,-73
3343,13
3344,-59
3345,83
3346,-26
3347,-56
3348,22
3349,-81
3350,72
3351,-90
3352,-81
3353,-22
3354,-89
3355,-13
3356,61
3357,51
3358,-8
3359,93
3360,50
3361,-79
3362,19
3363,73
3364,-95
3365,99
3366,-2
3367,79
3368,95
3369,-32
3370,-26
3371,-9
3372,69
3373,93
3374,99
3375,-57
3376,81
3377,58
3378,-72
3379,-96
3380,-69
3381,-31
3382,-21
3383,37
3384,-6
3385,87
3386,-49
3387,-75
3388,-39
3389,7
3390,20
3391,43
3392,-8
3393,-60
3394,-95
3395,90
3396,74
3397,71
3398,53
3399,35
3400,51
3401,-71
3402,-15
3403,70
3404,0
3405,10
3406,-84
3407,92
3408,-94
3409,-45
3410,-41
3411,-89
3412,-4
3413,49
3414,-45
3415,87
3416,59
3417,87
3418,80
3419,88
3420,-57
3421,95
3422,-73
3423,78
3424,73
3425,-100
3426,57
3427,-32
3428,31
3429,-72
3430,65
3431,37
3432,-81
3433,-4
3434,-89
3435,71
3436,7
3437,53
3438,-73
3439,-33
3440,37
3441,70
3442,-96
3443,34
3444,-26
3445,1
3446,0
3447,16
3448,29
3449,13
3450,-42
3451,41
3452,39
3453,-25
3454,-81
3455,-60
3456,38
3457,-87
3458,-82
3459,-53
3460,31
3461,77
3462,-9
3463,-49
3464,42
3465,100
3466,-82
3467,27
3468,-96
3469,-88
3470,-3
3471,-79
3472,-39
3473,-85
3474,9
3475,73
3476,9
3477,-24
3478,44
3479,13
3480,72
3481,87
3482,63
3483,-95
3484,47
3485,-21
3486,-81
3487,6
3488,-89
3489,71
3490,-49
3491,-4
3492,90
3493,3
3494,-84
3495,97
3496,32
3497,-39
3498,3
3499,-75
3500,78
3501,-16
3502,-96
3503,-38
3504,18
3505,-22
3506,-56
3507,-21
3508,2
3509,10
3510,-90
3511,-96
3512,33
3513,-70
3514,88
3515,-59
3516,-63
3517,-56
3518,-25
3519,98
3520,-20
3521,72
3522,19
3523,45
3524,-7
3525,86
3526,33
3527,25
3528,-39
3529,96
3530,-37
3531,-94
3532,87
3533,-55
3534,-47
3535,-74
3536,42
3537,-56
3538,-9
3539,45
3540,22
3541,31
3542,-31
3543,-16
3544,30
3545,-52
3546,-51
3547,-56
3548,61
3549,4
3550,43
3551,73
3552,-12
3553,-9
3554,30
3555,-52
3556,-90
3557,10
3558,63
3559,-59
3560,-21
3561,17
3562,25
3563,40
3564,57
3565,-31
3566,-29
3567,-93
3568,-88
3569,-100
3570,54
3571,-98
3572,-77
3573,66
3574,90
3575,-39
3576,40
3577,-46
3578,-17
3579,76
3580,-87
3581,-21
3582,3
3583,48
3584,-27
3585,-81
3586,92
3587,-85
3588,-47
3589,-55
3590,34
3591,90
3592,-92
3593,16
3594,32
3595,-59
3596,79
3597,-64
3598,88
3599,26
3600,-8
3601,-79
3602,59
3603,-66
3604,-99
3605,30
3606,69
3607,12
3608,-82
3609,-65
3610,-58
3611,8
3612,-21
3613,-16
3614,55
3615,-31
3616,18
3617,-86
3618,-63
3619,-99
3620,29
3621,-41
3622,-93
3623,-45
3624,22
3625,-6
3626,49
3627,-18
3628,14
3629,0
3630,-32
3631,66
3632,-97
3633,77
3634,-49
3635,61
3636,-54
3637,-59
3638,16
3639,-58
3640,-27
3641,99
3642,0
3643,-7
3644,-96
3645,38
3646,-79
3647,40
3648,86
3649,55
3650,-79
3651,6
3652,-10
3653,7
3654,-45
3655,75
3656,83
3657,43
3658,-43
3659,64
3660,97
3661,21
3662,-12
3663,38
3664,-51
3665,32
3666,84
3667,-44
3668,-2
3669,99
3670,-34
3671,7
3672,7
3673,17
3674,-56
3675,-4
3676,-95
3677,33
3678,30
3679,94
3680,12
3681,-7
3682,12
3683,57
3684,75
3685,-61
3686,-42
3687,21
3688,-89
3689,47
3690,50
3691,36
3692,-77
3693,-45
3694,43
3695,9
3696,91
3697,35
3698,42
3699,27
3700,-18
3701,-93
3702,70
3703,-100
3704,63
3705,80
3706,-14
3707,-54
3708,-36
3709,-22
3710,-53
3711,21
3712,88
3713,-12
3714,1
3715,46
3716,87
3717,-86
3718,39
3719,16
3720,-6
3721,76
3722,56
3723,91
3724,62
3725,48
3726,-49
3727,83
3728,-44
3729,-56
3730,21
3731,29
3732,-26
3733,63
3734,-5
3735,-25
3736,77
3737,61
3738,-51
3739,-96
3740,30
3741,-44
3742,-59
3743,-54
3744,85
3745,86
3746,88
3747,97
3748,-8
3749,-41
3750,21
3751,-82
3752,98
3753,5
3754,-95
3755,-32
3756,51
3757,29
3758,43
3759,11
3760,58
3761,-2
3762,38
3763,60
3764,35
3765,-52
3766,-65
3767,1
3768,38
3769,-78
3770,89
3771,86
3772,36
3773,-41
3774,3
3775,36
3776,39
3777,-72
3778,-91
3779,82
3780,-70
3781,14
3782,53
3783,44
3784,43
3785,-99
3786,-39
3787,-46
3788,-1
3789,-64
3790,-28
3791,-16
3792,-46
3793,45
3794,-64
3795,-39
3796,-14
3797,42
3798,-13
3799,21
3800,8
3801,27
3802,66
3803,39
3804,57
3805,69
3806,48
3807,-93
3808,58
3809,-54
3810,-93
3811,13
3812,5
3813,-94
3814,2
3815,-64
3816,-68
3817,22
3818,-8
3819,64
3820,-24
3821,96
3822,-99
3823,36
3824,93
3825,-95
3826,-40
3827,-77
3828,22
3829,-77
3830,-13
3831,98
3832,-78
3833,-68
3834,-42
3835,65
3836,-39
3837,51
3838,-91
3839,28
3840,-92
3841,-35
3842,-58
3843,49
3844,-100
3845,-45
3846,50
3847,-8
3848,-67
3849,16
3850,-9
3851,75
3852,26
3853,-71
3854,-64
3855,52
3856,-17
3857,8
3858,-11
3859,71
3860,-100
3861,59
3862,78
3863,-48
3864,-24
3865,-11
3866,81
3867,-2
3868,-25
3869,-25
3870,-73
3871,86
3872,36
3873,20
3874,100
3875,93
3876,54
3877,-19
3878,-94
3879,48
3880,76
3881,-72
3882,-25
3883,95
3884,-36
3885,-49
3886,74
3887,-42
3888,-4
3889,-23
3890,-89
3891,84
3892,-54
3893,16
3894,-87
3895,-54
3896,40
3897,-67
3898,-52
3899,33
3900,96
3901,8
3902,-24
3903,40
3904,-40
3905,-84
3906,78
3907,-17
3908,86
3909,89
3910,-14
3911,-8
3912,60
3913,5
3914,-27
3915,-17
3916,-32
3917,-33
3918,43
3919,-82
3920,-18
3921,19
3922,41
3923,-28
3924,68
3925,42
3926,87
3927,83
3928,57
3929,-90
3930,-96
3931,89
3932,84
3933,-6
3934,43
3935,72
3936,47
3937,73
3938,3
3939,-79
3940,-32
3941,87
3942,37
3943,-57
3944,71
3945,74
3946,37
3947,-64
3948,-10
3949,77
3950,94
3951,-56
3952,50
3953,-52
3954,-96
3955,-100
3956,-81
3957,92
3958,90
3959,5
3960,30
3961,43
3962,-95
3963,43
3964,79
3965,88
3966,27
3967,16
3968,-46
3969,83
3970,8
3971,29
3972,63
3973,63
3974,-85
3975,74
3976,-63
3977,-37
3978,34
3979,-98
3980,-54
3981,74
3982,-17
3983,95
3984,-13
3985,-44
3986,56
3987,-26
3988,-55
3989,8
3990,-50
3991,14
3992,34
3993,57
3994,-68
3995,-95
3996,-18
3997,-73
3998,-37
3999,-40
4000,-1
4001,-50
4002,57
4003,-8
4004,88
4005,16
4006,4
4007,0
4008,-24
4009,98
4010,50
4011,-30
4012,-79
4013,56
4014,5
4015,65
4016,44
4017,41
4018,58
4019,38
4020,-49
4021,-71
4022,0
4023,34
4024,12
4025,73
4026,-23
4027,45
4028,62
4029,56
4030,-18
4031,11
4032,-35
4033,68
4034,-76
4035,24
4036,-73
4037,24
4038,-5
4039,-23
4040,-39
4041,84
4042,-7
4043,-32
4044,-22
4045,-3
4046,-44
4047,4
4048,-57
4049,-8
4050,-99
4051,90
4052,100
4053,82
4054,-95
4055,51
4056,-21
4057,0
4058,61
4059,-46
4060,-40
4061,92
4062,-48
4063,-59
4064,-91
4065,12
4066,3
4067,92
4068,36
4069,69
4070,-91
4071,-99
4072,-60
4073,-62
4074,-8
4075,66
4076,-63
4077,-24
4078,-44
4079,94
4080,76
4081,-9
4082,-19
4083,67
4084,-54
4085,-1
4086,29
4087,88
4088,15
4089,-54
4090,19
4091,88
4092,86
4093,-33
4094,57
4095,-40
4096,-48
4097,-29
4098,-95
4099,-94
4100,50
4101,17
4102,78
4103,-74
4104,31
4105,60
4106,-20
4107,-10
4108,-12
4109,-38
4110,45
4111,-34
4112,96
4113,13
4114,-69
4115,38
4116,-9
4117,90
4118,70
4119,5
4120,72
4121,4
4122,97
4123,34
4124,17
4125,100
4126,-13
4127,-82
4128,89
4129,-91
4130,68
4131,-90
4132,-42
4133,45
4134,-37
4135,34
4136,21
4137,47
4138,-72
4139,6
4140,-97
4141,25
4142,-13
4143,93
4144,-74
4145,29
4146,-16
4147,42
4148,-85
4149,69
4150,45
4151,-76
4152,-33
4153,72
4154,-26
4155,-76
4156,-95
4157,-10
4158,-35
4159,-90
4160,-21
4161,1
4162,-57
4163,-92
4164,-74
4165,-3
4166,-71
4167,59
4168,-40
4169,84
4170,16
4171,-89
4172,2
4173,-86
4174,52
4175,-1
4176,-26
4177,-3
4178,7
4179,34
4180,-33
4181,-53
4182,87
4183,-13
4184,-11
4185,35
4186,-68
4187,42
4188,56
4189,54
4190,-67
4191,78
4192,-43
4193,3
4194,2
4195,38
4196,86
4197,35
4198,68
4199,79
4200,-33
4201,-48
4202,43
4203,60
4204,-12
4205,86
4206,42
4207,42
4208,92
4209,83
4210,81
4211,-72
4212,-30
4213,24
4214,43
4215,0
4216,99
4217,-24
4218,95
4219,10
4220,-43
4221,-17
4222,-64
4223,8
4224,16
4225,63
4226,-75
4227,-26
4228,-66
4229,8
4230,-11
4231,6
4232,40
4233,40
4234,27
4235,-57
4236,-72
4237,80
4238,69
4239,28
4240,22
4241,22
4242,99
4243,-17
4244,-100
4245,86
4246,80
4247,-2
4248,-91
4249,-41
4250,-23
4251,-14
4252,62
4253,-34
4254,-44
4255,-77
4256,30
4257,-62
4258,31
4259,-42
4260,-51
4261,46
4262,28
4263,12
4264,38
4265,-91
4266,9
4267,9
4268,69
4269,-59
4270,-36
4271,2
4272,-36
4273,-24
4274,-21
4275,-5
4276,-88
4277,29
4278,93
4279,74
4280,-72
4281,68
4282,-73
4283,90
4284,-5
4285,99
4286,81
4287,98
4288,-73
4289,-35
4290,38
4291,-55
4292,-39
4293,-3
4294,29
4295,-99
4296,81
4297,-74
4298,40
4299,25
4300,6
4301,0
4302,86
4303,67
4304,-17
4305,70
4306,62
4307,-98
4308,-61
4309,24
4310,86
4311,-48
4312,-86
4313,-52
4314,-81
4315,-33
4316,-61
4317,-47
4318,-77
4319,46
4320,-82
4321,75
4322,92
4323,60
4324,-18
4325,-26
4326,-43
4327,-81
4328,-25
4329,47
4330,-5
4331,-77
4332,-89
4333,85
4334,98
4335,-53
4336,29
4337,42
4338,100
4339,-2
4340,61
4341,-42
4342,-17
4343,5
4344,100
4345,63
4346,-72
4347,19
4348,61
4349,6
4350,18
4351,-73
4352,78
4353,3
4354,-36
4355,-43
4356,-14
4357,11
4358,97
4359,-27
4360,-16
4361,31
4362,-27
4363,-29
4364,-57
4365,-93
4366,-8
4367,39
4368,99
4369,17
4370,60
4371,-92
4372,-52
4373,-10
4374,30
4375,48
4376,-21
4377,63
4378,-34
4379,-18
4380,88
4381,23
4382,9
4383,-62
4384,-58
4385,65
4386,29
4387,38
4388,-80
4389,15
4390,55
4391,-12
4392,40
4393,20
4394,86
4395,-14
4396,-5
4397,94
4398,87
4399,-50
4400,77
4401,-91
4402,-54
4403,7
4404,23
4405,-20
4406,-12
4407,-53
4408,-77
4409,-15
4410,46
4411,-55
4412,-92
4413,63
4414,68
4415,-69
4416,-70
4417,-16
4418,97
4419,46
4420,98
4421,3
4422,-52
4423,-47
4424,-52
4425,-48
4426,60
4427,-80
4428,-37
4429,-57
4430,-6
4431,-40
4432,-99
4433,42
4434,-38
4435,16
4436,82
4437,98
4438,-58
4439,3
4440,-22
4441,70
4442,13
4443,-66
4444,-10
4445,83
4446,79
4447,-2
4448,-86
4449,62
4450,-19
4451,77
4452,-2
4453,67
4454,29
4455,95
4456,-17
4457,-42
4458,45
4459,70
4460,87
4461,60
4462,71
4463,-21
4464,-4
4465,-88
4466,-67
4467,-13
4468,-100
4469,-20
4470,93
4471,-39
4472,42
4473,-49
4474,-74
4475,-80
4476,-24
4477,-71
4478,44
4479,67
4480,51
4481,14
4482,-83
4483,-45
4484,78
4485,17
4486,44
4487,85
4488,86
4489,-25
4490,16
4491,84
4492,-10
4493,-67
4494,-23
4495,-42
4496,40
4497,28
4498,-85
4499,-67
4500,8
4501,-27
4502,-41
4503,15
4504,88
4505,41
4506,60
4507,25
4508,57
4509,-51
4510,96
4511,-79
4512,-47
4513,-73
4514,-23
4515,66
4516,-50
4517,-67
4518,83
4519,29
4520,60
4521,-89
4522,-45
4523,-47
4524,59
4525,-38
4526,93
4527,-100
4528,-19
4529,74
4530,-26
4531,-3
4532,-93
4533,-83
4534,-19
4535,1
4536,-30
4537,-29
4538,-83
4539,-100
4540,12
4541,-33
4542,72
4543,-27
4544,-92
4545,97
4546,23
4547,-77
4548,7
4549,2
4550,-63
4551,89
4552,-13
4553,95
4554,71
4555,0
4556,48
4557,25
4558,-69
4559,43
4560,50
4561,-51
4562,-2
4563,75
4564,76
4565,-54
4566,-88
4567,-2
4568,-6
4569,-58
4570,8
4571,-46
4572,-23
4573,-76
4574,-62
4575,97
4576,66
4577,6
4578,-45
4579,-7
4580,10
4581,-98
4582,-80
4583,65
4584,12
4585,23
4586,-12
4587,-94
4588,83
4589,93
4590,-97
4591,84
4592,-75
4593,-73
4594,84
4595,-1
4596,-49
4597,77
4598,28
4599,-74
4600,-54
4601,-35
4602,75
4603,-69
4604,68
4605,42
4606,-34
4607,-1
4608,63
4609,-64
4610,88
4611,84
4612,77
4613,4
4614,80
4615,-1
4616,-39
4617,2
4618,-54
4619,90
4620,54
4621,45
4622,-43
4623,-58
4624,-30
4625,87
4626,-37
4627,-43
4628,-51
4629,34
4630,-76
4631,-45
4632,70
4633,35
4634,60
4635,-74
4636,-50
4637,26
4638,-36
4639,26
4640,-23
4641,-46
4642,-42
4643,-56
4644,-91
4645,-21
4646,-44
4647,-14
4648,-91
4649,-76
4650,15
4651,-86
4652,27
4653,36
4654,-55
4655,5
4656,12
4657,99
4658,-29
4659,65
4660,45
4661,26
4662,-89
4663,91
4664,92
4665,-53
4666,-59
4667,-35
4668,84
4669,99
4670,47
4671,-18
4672,-18
4673,-64
4674,-90
4675,78
4676,-34
4677,-22
4678,31
4679,-48
4680,10
4681,89
4682,71
4683,81
4684,29
4685,-71
4686,44
4687,77
4688,-57
4689,25
4690,73
4691,-9
4692,-17
4693,-44
4694,29
4695,-6
4696,-7
4697,91
4698,-93
4699,38
4700,70
4701,-38
4702,54
4703,-99
4704,99
4705,-68
4706,-85
4707,-82
4708,85
4709,57
4710,93
4711,76
4712,91
4713,-33
4714,16
4715,49
4716,64
4717,73
4718,-47
4719,25
4720,-65
4721,-83
4722,46
4723,-48
4724,90
4725,36
4726,27
4727,-41
4728,38
4729,45
4730,-26
4731,54
4732,-95
4733,14
4734,-67
4735,72
4736,27
4737,2
4738,-33
4739,45
4740,63
4741,-32
4742,51
4743,-22
4744,36
4745,44
4746,-35
4747,-1
4748,100
4749,-86
4750,83
4751,-39
4752,12
4753,33
4754,92
4755,95
4756,45
4757,-56
4758,-36
4759,-72
4760,-58
4761,-24
4762,-40
4763,89
4764,-60
4765,-53
4766,-37
4767,15
4768,-56
4769,-14
4770,76
4771,-5
4772,69
4773,-61
4774,-70
4775,-77
4776,14
4777,-11
4778,64
4779,81
4780,71
4781,-8
4782,-25
4783,24
4784,80
4785,16
4786,21
4787,-76
4788,-95
4789,81
4790,39
4791,87
4792,-95
4793,60
4794,-85
4795,-47
4796,88
4797,-61
4798,-62
4799,-88
4800,72
4801,-63
4802,58
4803,27
4804,46
4805,-85
4806,85
4807,12
4808,45
4809,66
4810,60
4811,-26
4812,86
4813,-58
4814,73
4815,17
4816,-88
4817,-99
4818,80
4819,77
4820,86
4821,-83
4822,-48
4823,58
4824,-6
4825,57
4826,-89
4827,-11
4828,47
4829,82
4830,-33
4831,-31
4832,-74
4833,80
4834,-39
4835,-38
4836,99
4837,-76
4838,-19
4839,3
4840,32
4841,-68
4842,-66
4843,95
4844,14
4845,82
4846,-43
4847,-34
4848,-58
4849,-80
4850,-84
4851,-57
4852,-13
4853,35
4854,-64
4855,-78
4856,-68
4857,-80
4858,21
4859,-96
4860,72
4861,-56
4862,86
4863,50
4864,76
4865,47
4866,57
4867,-46
4868,99
4869,80
4870,1
4871,83
4872,-65
4873,42
4874,74
4875,21
4876,-96
4877,40
4878,-94
4879,-39
4880,85
4881,-100
4882,3
4883,55
4884,-33
4885,99
4886,-72
4887,-3
4888,-72
4889,1
4890,-42
4891,-67
4892,-7
4893,-15
4894,38
4895,52
4896,-36
4897,56
4898,23
4899,-90
4900,-99
4901,2
4902,45
4903,99
4904,-5
4905,39
4906,95
4907,64
4908,-32
4909,-77
4910,-64
4911,-76
4912,-86
4913,61
4914,32
4915,82
4916,-45
4917,72
4918,-2
4919,35
4920,40
4921,40
4922,39
4923,65
4924,2
4925,-23
4926,91
4927,-75
4928,-93
4929,-67
4930,-42
4931,78
4932,-86
4933,1
4934,-54
4935,-74
4936,-86
4937,-34
4938,33
4939,78
4940,-18
4941,-58
4942,-28
4943,21
4944,73
4945,15
4946,-82
4947,39
4948,50
4949,11
4950,-78
4951,48
4952,15
4953,-27
4954,6
4955,24
4956,68
4957,-34
4958,36
4959,60
4960,76
4961,78
4962,-13
4963,34
4964,-82
4965,81
4966,34
4967,98
4968,60
4969,55
4970,-71
4971,67
4972,98
4973,1
4974,63
4975,66
4976,83
4977,-30
4978,-9
4979,95
4980,-84
4981,62
4982,9
4983,75
4984,60
4985,-70
4986,16
4987,86
4988,-74
4989,-95
4990,-29
4991,91
4992,-73
4993,-98
4994,48
4995,-79
4996,66
4997,-67
4998,-21
4999,-27
5000,80
5001,-72
5002,64
5003,-35
5004,34
5005,94
5006,-29
5007,-88
5008,-83
5009,-77
5010,-7
5011,-54
5012,-9
5013,77
5014,66
5015,16
5016,45
5017,41
5018,51
5019,64
5020,81
5021,36
5022,-69
5023,91
5024,-26
5025,-3
5026,99
5027,17
5028,78
5029,-52
5030,-46
5031,-25
5032,81
5033,13
5034,-89
5035,71
5036,83
5037,-92
5038,-26
5039,59
5040,32
5041,73
5042,93
5043,49
5044,78
5045,-16
5046,44
5047,6
5048,-88
5049,15
5050,-96
5051,-88
5052,-2
5053,90
5054,50
5055,-15
5056,5
5057,-42
5058,-84
5059,-67
5060,43
5061,18
5062,57
5063,-47
5064,37
5065,-82
5066,-12
5067,13
5068,92
5069,23
5070,89
5071,52
5072,-51
5073,2
5074,86
5075,-12
5076,-53
5077,15
5078,-10
5079,16
5080,84
5081,-31
5082,-8
5083,-51
5084,-84
5085,99
5086,-9
5087,-61
5088,72
5089,-32
5090,90
5091,43
5092,21
5093,-86
5094,-93
5095,15
5096,0
5097,61
5098,12
5099,-40
5100,89
5101,-80
5102,22
5103,78
5104,60
5105,-100
5106,-39
5107,-93
5108,-53
5109,-97
5110,87
5111,79
5112,36
5113,10
5114,-50
5115,9
5116,54
5117,-9
5118,-58
5119,-43
5120,100
5121,10
5122,41
5123,52
5124,32
5125,-91
5126,32
5127,-95
5128,90
5129,33
5130,-71
5131,41
5132,68
5133,-32
5134,19
5135,-34
5136,23
5137,-65
5138,-41
5139,81
5140,-20
5141,58
5142,23
5143,51
5144,-84
5145,32
5146,32
5147,85
5148,-21
5149,-26
5150,-8
5151,93
5152,84
5153,48
5154,0
5155,12
5156,76
5157,-31
5158,99
5159,5
5160,84
5161,40
5162,-99
5163,-88
5164,-10
5165,33
5166,43
5167,-8
5168,-43
5169,84
5170,-94
5171,-64
5172,-67
5173,-2
5174,21
5175,51
5176,-49
5177,-71
5178,-94
5179,-86
5180,44
5181,-32
5182,-38
5183,46
5184,85
5185,51
5186,19
5187,-87
5188,-88
5189,-52
5190,66
5191,-48
5192,40
5193,63
5194,-85
5195,-18
5196,-15
5197,65
5198,-42
5199,73
5200,64
5201,99
5202,76
5203,35
5204,50
5205,-75
5206,-2
5207,28
5208,19
5209,-12
5210,70
5211,-29
5212,-43
5213,-34
5214,-3
5215,-42
5216,31
5217,-19
5218,-32
5219,-97
5220,73
5221,8
5222,35
5223,25
5224,77
5225,92
5226,-33
5227,-2
5228,-43
5229,-74
5230,-23
5231,-32
5232,11
5233,-55
5234,-64
5235,96
5236,-53
5237,-62
5238,22
5239,-17
5240,86
5241,90
5242,25
5243,82
5244,14
5245,77
5246,-59
5247,3
5248,-80
5249,-4
5250,-67
5251,58
5252,67
5253,-12
5254,12
5255,-65
5256,-15
5257,98
5258,73
5259,58
5260,-32
5261,-49
5262,3
5263,88
5264,-75
5265,-30
5266,-6
5267,-34
5268,14
5269,34
5270,49
5271,-44
5272,-30
5273,-95
5274,-97
5275,14
5276,56
5277,91
5278,-30
5279,22
5280,23
5281,34
5282,28
5283,7
5284,-45
5285,38
5286,-74
5287,55
5288,31
5289,54
5290,72
5291,-7
5292,64
5293,-20
5294,78
5295,77
5296,11
5297,-77
5298,-33
5299,49
5300,-2
5301,-97
5302,-31
5303,35
5304,-31
5305,-95
5306,53
5307,66
5308,-87
5309,88
5310,-18
5311,74
5312,72
5313,40
5314,-30
5315,-79
5316,-20
5317,-19
5318,23
5319,-17
5320,-64
5321,-70
5322,20
5323,-8
5324,41
5325,-48
5326,-55
5327,32
5328,-61
5329,-63
5330,-13
5331,87
5332,34
5333,-83
5334,-3
5335,-55
5336,42
5337,-46
5338,37
5339,-97
5340,-31
5341,57
5342,-15
5343,79
5344,77
5345,-45
5346,-83
5347,-85
5348,-50
5349,-50
5350,72
5351,-20
5352,-97
5353,74
5354,-2
5355,-18
5356,76
5357,91
5358,81
5359,92
5360,50
5361,-58
5362,6
5363,-38
5364,-2
5365,-42
5366,52
5367,61
5368,25
5369,-98
5370,36
5371,-80
5372,-16
5373,56
5374,-90
5375,-4
5376,-93
5377,97
5378,18
5379,45
5380,43
5381,-36
5382,-44
5383,-71
5384,-7
5385,50
5386,90
5387,20
5388,-85
5389,-85
5390,69
5391,33
5392,-51
5393,67
5394,3
5395,-88
5396,-39
5397,-11
5398,-17
5399,-5
5400,18
5401,3
5402,62
5403,54
5404,91
5405,70
5406,9
5407,27
5408,-94
5409,-2
5410,70
5411,-86
5412,0
5413,-60
5414,85
5415,-22
5416,-58
5417,-7
5418,11
5419,-72
5420,72
5421,38
5422,27
5423,75
5424,-88
5425,32
5426,-32
5427,-100
5428,-50
5429,81
5430,-52
5431,14
5432,-11
5433,90
5434,-73
5435,-10
5436,-25
5437,-56
5438,50
5439,18
5440,87
5441,-36
5442,69
5443,69
5444,-69
5445,91
5446,-27
5447,-92
5448,-46
5449,53
5450,100
5451,65
5452,23
5453,-29
5454,-19
5455,98
5456,93
5457,-54
5458,-87
5459,54
5460,-39
5461,-18
5462,32
5463,17
5464,-24
5465,10
5466,84
5467,-43
5468,-84
5469,43
5470,-88
5471,63
5472,-70
5473,-86
5474,29
5475,-7
5476,-75
5477,-84
5478,64
5479,-60
5480,-94
5481,-47
5482,95
5483,-80
5484,19
5485,-93
5486,70
5487,6
5488,98
5489,-83
5490,67
5491,24
5492,-34
5493,-59
5494,34
5495,-40
5496,83
5497,-11
5498,-21
5499,-73
5500,-61
5501,12
5502,7
5503,89
5504,-16
5505,-47
5506,0
5507,-73
5508,33
5509,14
5510,-82
5511,-54
5512,-70
5513,29
5514,-24
5515,-52
5516,80
5517,-47
5518,-36
5519,-43
5520,17
5521,54
5522,79
5523,24
5524,97
5525,-92
5526,75
5527,22
5528,90
5529,50
5530,99
5531,16
5532,44
5533,-13
5534,62
5535,76
5536,62
5537,-32
5538,29
5539,46
5540,75
5541,73
5542,17
5543,43
5544,40
5545,-8
5546,-78
5547,-75
5548,-10
5549,89
5550,49
5551,-49
5552,-6
5553,36
5554,13
5555,1
5556,56
5557,-86
5558,-7
5559,49
5560,39
5561,13
5562,-62
5563,88
5564,10
5565,16
5566,-91
5567,48
5568,55
5569,58
5570,3
5571,64
5572,35
5573,74
5574,-44
5575,-22
5576,-84
5577,-35
5578,-56
5579,-3
5580,-90
5581,1
5582,17
5583,28
5584,54
5585,-34
5586,-41
5587,42
5588,-87
5589,98
5590,-52
5591,-86
5592,45
5593,88
5594,11
5595,-67
5596,-27
5597,17
5598,-79
5599,66
5600,-83
5601,-92
5602,7
5603,51
5604,70
5605,-99
5606,54
5607,-34
5608,-96
5609,57
5610,63
5611,28
5612,-44
5613,64
5614,-100
5615,80
5616,86
5617,-87
5618,19
5619,-11
5620,-77
5621,75
5622,10
5623,-56
5624,83
5625,80
5626,51
5627,-86
5628,44
5629,21
5630,-27
5631,41
5632,73
5633,-9
5634,-34
5635,10
5636,-89
5637,-75
5638,-58
5639,43
5640,22
5641,-38
5642,-72
5643,39
5644,33
5645,-53
5646,37
5647,32
5648,47
5649,-35
5650,-81
5651,15
5652,83
5653,-29
5654,-25
5655,-98
5656,7
5657,-11
5658,18
5659,-88
5660,98
5661,-58
5662,64
5663,-74
5664,8
5665,-15
5666,4
5667,-97
5668,53
5669,8
5670,-22
5671,98
5672,-54
5673,-16
5674,0
5675,-4
5676,-9
5677,16
5678,79
5679,59
5680,-35
5681,-20
5682,-5
5683,55
5684,-20
5685,-10
5686,-42
5687,0
5688,-59
5689,7
5690,75
5691,-34
5692,-14
5693,-15
5694,-89
5695,-86
5696,92
5697,-46
5698,77
5699,15
5700,-44
5701,-91
5702,32
5703,62
5704,41
5705,6
5706,-46
5707,1
5708,68
5709,-73
5710,7
5711,-19
5712,-67
5713,29
5714,16
5715,-37
5716,-39
5717,50
5718,-6
5719,89
5720,66
5721,-84
5722,14
5723,51
5724,-87
5725,67
5726,-42
5727,49
5728,-46
5729,-41
5730,-49
5731,-12
5732,55
5733,86
5734,98
5735,-87
5736,-74
5737,-85
5738,99
5739,-93
5740,62
5741,36
5742,-83
5743,62
5744,-78
5745,-36
5746,-46
5747,-39
5748,-58
5749,-59
5750,28
5751,72
5752,41
5753,-93
5754,52
5755,94
5756,77
5757,-24
5758,-49
5759,15
5760,92
5761,50
5762,17
5763,8
5764,-54
5765,80
5766,80
5767,75
5768,89
5769,-9
5770,-58
5771,-90
5772,-60
5773,-20
5774,29
5775,6
5776,-39
5777,41
5778,13
5779,0
5780,7
5781,-41
5782,-72
5783,87
5784,-13
5785,-54
5786,12
5787,-49
5788,18
5789,6
5790,-27
5791,-68
5792,71
5793,77
5794,89
5795,-1
5796,9
5797,-67
5798,13
5799,4
5800,85
5801,-97
5802,36
5803,-54
5804,41
5805,-95
5806,66
5807,-40
5808,-49
5809,95
5810,13
5811,-29
5812,7
5813,98
5814,89
5815,-77
5816,-92
5817,4
5818,-66
5819,44
5820,67
5821,-57
5822,10
5823,-18
5824,-73
5825,83
5826,-17
5827,34
5828,-28
5829,-18
5830,41
5831,12
5832,-45
5833,-90
5834,-73
5835,94
5836,73
5837,40
5838,88
5839,-85
5840,67
5841,-30
5842,-22
5843,-72
5844,-27
5845,24
5846,15
5847,6
5848,63
5849,40
5850,96
5851,-85
5852,-89
5853,70
5854,-28
5855,-28
5856,-31
5857,-99
5858,-52
5859,-76
5860,-48
5861,49
5862,31
5863,48
5864,-12
5865,76
5866,-12
5867,-23
5868,-96
5869,-87
5870,67
5871,-82
5872,-61
5873,-97
5874,-27
5875,57
5876,93
5877,-72
5878,-66
5879,5
5880,-23
5881,12
5882,-27
5883,66
5884,8
5885,-44
5886,99
5887,-36
5888,-32
5889,-39
5890,54
5891,29
5892,14
5893,62
5894,-32
5895,-93
5896,-50
5897,53
5898,20
5899,-32
5900,-18
5901,-56
5902,88
5903,39
5904,85
5905,-93
5906,70
5907,73
5908,-76
5909,67
5910,-16
5911,47
5912,60
5913,63
5914,77
5915,-58
5916,-18
5917,68
5918,-73
5919,62
5920,-36
5921,87
5922,-24
5923,45
5924,12
5925,37
5926,-39
5927,29
5928,78
5929,79
5930,32
5931,-15
5932,-83
5933,41
5934,-40
5935,8
5936,78
5937,11
5938,-40
5939,65
5940,2
5941,12
5942,34
5943,80
5944,-30
5945,-57
5946,-84
5947,-80
5948,33
5949,-30
5950,-60
5951,10
5952,73
5953,87
5954,21
5955,29
5956,-46
5957,74
5958,26
5959,94
5960,73
5961,5
5962,59
5963,72
5964,92
5965,19
5966,15
5967,-6
5968,-36
5969,28
5970,-51
5971,48
5972,20
5973,11
5974,61
5975,-85
5976,57
5977,-13
5978,46
5979,-67
5980,-69
5981,-87
5982,-91
5983,-3
5984,79
5985,-21
5986,-98
5987,-41
5988,29
5989,-14
5990,-94
5991,30
5992,-87
5993,59
5994,-58
5995,37
5996,54
5997,-22
5998,96
5999,4
6000,58
6001,-40
6002,-28
6003,-22
6004,52
6005,14
6006,-28
6007,3
6008,-83
6009,-79
6010,16
6011,50
6012,5
6013,47
6014,-48
6015,57
6016,16
6017,-39
6018,-33
6019,-27
6020,-18
6021,62
6022,65
6023,2
6024,33
6025,72
6026,-45
6027,26
6028,-75
6029,-88
6030,-34
6031,97
6032,-64
6033,10
6034,-18
6035,-41
6036,-77
6037,74
6038,-19
6039,28
6040,37
6041,75
6042,9
6043,94
6044,-44
6045,14
6046,85
6047,68
6048,16
6049,38
6050,-31
6051,-48
6052,-63
6053,95
6054,78
6055,26
6056,-58
6057,54
6058,-13
6059,-77
6060,-11
6061,-96
6062,-89
6063,-28
6064,65
6065,-30
6066,-65
6067,46
6068,41
6069,-82
6070,34
6071,-66
6072,-52
6073,-38
6074,19
6075,10
6076,58
6077,-53
6078,52
6079,-46
6080,63
6081,-6
6082,84
6083,-91
6084,-22
6085,-28
6086,43
6087,-39
6088,22
6089,31
6090,-57
6091,-43
6092,-98
6093,-52
6094,-72
6095,-30
6096,-48
6097,30
6098,23
6099,29
6100,-17
6101,-16
6102,-23
6103,89
6104,72
6105,91
6106,66
6107,-82
6108,-48
6109,81
6110,-83
6111,79
6112,4
6113,17
6114,-92
6115,7
6116,-34
6117,67
6118,-25
6119,-90
6120,-79
6121,7
6122,-53
6123,-96
6124,89
6125,-83
6126,-54
6127,82
6128,-9
6129,-27
6130,52
6131,37
6132,87
6133,-5
6134,-7
6135,-77
6136,87
6137,-24
6138,-24
6139,52
6140,43
6141,-69
6142,65
6143,46
6144,-28
6145,82
6146,60
6147,-40
6148,-75
6149,55
6150,13
6151,9
6152,-49
6153,-15
6154,-55
6155,89
6156,-55
6157,-28
6158,5
6159,-66
6160,44
6161,-28
6162,38
6163,-37
6164,59
6165,-36
6166,-24
6167,-100
6168,-55
6169,-92
6170,13
6171,12
6172,-88
6173,-79
6174,-20
6175,-87
6176,-50
6177,-29
6178,-37
6179,24
6180,51
6181,-98
6182,7
6183,58
6184,-97
6185,-38
6186,95
6187,-32
6188,27
6189,-11
6190,55
6191,5
6192,33
6193,-1
6194,37
6195,17
6196,-8
6197,7
6198,-62
6199,-67
6200,61
6201,-18
6202,37
6203,-73
6204,-95
6205,-38
6206,-100
6207,-21
6208,8
6209,41
6210,75
6211,-21
6212,-93
6213,60
6214,-69
6215,78
6216,24
6217,-77
6218,-16
6219,-53
6220,75
6221,-84
6222,-21
6223,12
6224,-46
6225,17
6226,94
6227,-23
6228,-81
6229,-66
6230,12
6231,-24
6232,-70
6233,88
6234,-54
6235,77
6236,-62
6237,54
6238,-57
6239,-21
6240,74
6241,52
6242,68
6243,-18
6244,26
6245,88
6246,78
6247,-50
6248,38
6249,55
6250,4
6251,-17
6252,-22
6253,8
6254,-24
6255,-91
6256,72
6257,-25
6258,99
6259,-49
6260,69
6261,40
6262,45
6263,25
6264,-100
6265,-94
6266,50
6267,84
6268,96
6269,99
6270,-22
6271,94
6272,-60
6273,-37
6274,24
6275,-100
6276,-89
6277,31
6278,52
6279,0
6280,-63
6281,-65
6282,-19
6283,-35
6284,12
6285,15
6286,-48
6287,-87
6288,-79
6289,33
6290,-53
6291,-11
6292,18
6293,-80
6294,13
6295,-81
6296,5
6297,-95
6298,76
6299,-91
6300,27
6301,85
6302,-28
6303,-43
6304,83
6305,-81
6306,56
6307,-29
6308,31
6309,34
6310,-7
6311,-22
6312,-17
6313,-72
6314,-47
6315,-69
6316,8
6317,-33
6318,-52
6319,69
6320,-98
6321,-68
6322,-42
6323,94
6324,-74
6325,63
6326,-3
6327,-48
6328,-65
6329,-46
6330,-35
6331,72
6332,-46
6333,-98
6334,18
6335,39
6336,34
6337,60
6338,88
6339,-41
6340,18
6341,-80
6342,-64
6343,-98
6344,98
6345,11
6346,-30
6347,65
6348,-23
6349,4
6350,-87
6351,68
6352,87
6353,16
6354,63
6355,8
6356,-90
6357,42
6358,11
6359,40
6360,51
6361,-88
6362,93
6363,19
6364,69
6365,-75
6366,-67
6367,51
6368,4
6369,-77
6370,65
6371,-16
6372,90
6373,28
6374,57
6375,15
6376,87
6377,-71
6378,-87
6379,88
6380,93
6381,-56
6382,-78
6383,52
6384,18
6385,2
6386,18
6387,15
6388,70
6389,-55
6390,-26
6391,-30
6392,-11
6393,46
6394,38
6395,-53
6396,-67
6397,29
6398,40
6399,-40
6400,58
6401,33
6402,-45
6403,97
6404,13
6405,-25
6406,38
6407,19
6408,8
6409,47
6410,69
6411,71
6412,98
6413,-85
6414,-45
6415,-6
6416,94
6417,31
6418,3
6419,-49
6420,64
6421,-74
6422,-64
6423,-53
6424,43
6425,-8
6426,-1
6427,-2
6428,67
6429,-16
6430,-1
6431,-43
6432,-62
6433,-80
6434,-60
6435,-94
6436,-58
6437,80
6438,83
6439,49
6440,4
6441,-100
6442,-40
6443,24
6444,99
6445,-68
6446,-65
6447,-77
6448,4
6449,15
6450,-2
6451,-20
6452,-86
6453,61
6454,55
6455,37
6456,-15
6457,0
6458,7
6459,58
6460,-25
6461,45
6462,-37
6463,95
6464,66
6465,90
6466,16
6467,-47
6468,-19
6469,-57
6470,-88
6471,91
6472,71
6473,29
6474,-96
6475,-91
6476,-16
6477,96
6478,76
6479,-95
6480,80
6481,63
6482,25
6483,29
6484,28
6485,98
6486,19
6487,-57
6488,57
6489,-97
6490,98
6491,-46
6492,-83
6493,-27
6494,32
6495,69
6496,-85
6497,61
6498,9
6499,-73
6500,19
6501,78
6502,-26
6503,-41
6504,82
6505,-28
6506,66
6507,21
6508,4
6509,8
6510,-68
6511,55
6512,-54
6513,92
6514,-94
6515,-51
6516,-33
6517,90
6518,24
6519,13
6520,-37
6521,-71
6522,-74
6523,55
6524,-72
6525,11
6526,2
6527,-2
6528,33
6529,-69
6530,-45
6531,64
6532,-91
6533,74
6534,20
6535,-63
6536,-17
6537,57
6538,4
6539,4
6540,-27
6541,-35
6542,-34
6543,-73
6544,88
6545,-5
6546,94
6547,-46
6548,71
6549,-28
6550,-10
6551,39
6552,77
6553,-91
6554,-18
6555,86
6556,8
6557,-96
6558,6
6559,72
6560,42
6561,0
6562,-85
6563,-64
6564,64
6565,21
6566,-71
6567,-64
6568,-16
6569,-1
6570,-93
6571,50
6572,77
6573,-40
6574,-39
6575,-79
6576,47
6577,69
6578,55
6579,-9
6580,40
6581,-4
6582,-44
6583,53
6584,43
6585,56
6586,-49
6587,94
6588,-64
6589,84
6590,82
6591,-90
6592,24
6593,-36
6594,-36
6595,66
6596,73
6597,-90
6598,-96
6599,-96
6600,-44
6601,-82
6602,-13
6603,90
6604,70
6605,72
6606,17
6607,84
6608,49
6609,0
6610,74
6611,-54
6612,-57
6613,80
6614,82
6615,-62
6616,-26
6617,-15
6618,-44
6619,94
6620,44
6621,86
6622,-10
6623,-26
6624,-66
6625,98
6626,-8
6627,-79
6628,96
6629,12
6630,63
6631,46
6632,54
6633,-81
6634,59
6635,-5
6636,88
6637,81
6638,-42
6639,93
6640,-12
6641,73
6642,60
6643,62
6644,31
6645,55
6646,41
6647,16
6648,52
6649,98
6650,-74
6651,23
6652,51
6653,-77
6654,12
6655,-25
6656,-2
6657,86
6658,-81
6659,-99
6660,64
6661,-96
6662,32
6663,11
6664,89
6665,-99
6666,-22
6667,-14
6668,11
6669,47
6670,-77
6671,84
6672,18
6673,-41
6674,-74
6675,-83
6676,-93
6677,42
6678,26
6679,55
6680,-72
6681,-6
6682,17
6683,-23
6684,23
6685,-74
6686,-54
6687,65
6688,-90
6689,6
6690,80
6691,-32
6692,60
6693,46
6694,-27
6695,85
6696,-54
6697,-31
6698,-1
6699,25
6700,-95
6701,-56
6702,-25
6703,36
6704,-42
6705,-67
6706,27
6707,31
6708,-42
6709,44
6710,-44
6711,61
6712,-79
6713,64
6714,1
6715,-8
6716,12
6717,96
6718,-83
6719,41
6720,29
6721,-88
6722,19
6723,15
6724,-39
6725,1
6726,-43
6727,3
6728,-18
6729,5
6730,3
6731,22
6732,2
6733,27
6734,80
6735,-45
6736,-81
6737,51
6738,-87
6739,73
6740,-72
6741,-26
6742,52
6743,92
6744,17
6745,100
6746,65
6747,43
6748,32
6749,-62
6750,-50
6751,-58
6752,-16
6753,74
6754,-87
6755,76
6756,-9
6757,21
6758,-27
6759,-66
6760,17
6761,98
6762,93
6763,23
6764,-93
6765,47
6766,-53
6767,-87
6768,57
6769,-21
6770,-31
6771,59
6772,-72
6773,34
6774,78
6775,43
6776,74
6777,79
6778,24
6779,54
6780,70
6781,57
6782,7
6783,50
6784,72
6785,-59
6786,-55
6787,-65
6788,-52
6789,54
6790,-65
6791,-100
6792,-56
6793,-82
6794,-12
6795,23
6796,-19
6797,43
6798,-18
6799,19
6800,4
6801,-43
6802,-8
6803,-61
6804,54
6805,-88
6806,93
6807,56
6808,18
6809,-28
6810,100
6811,86
6812,78
6813,-66
6814,-32
6815,93
6816,69
6817,-43
6818,-70
6819,-82
6820,14
6821,-64
6822,64
6823,-29
6824,-83
6825,-61
6826,28
6827,-44
6828,-39
6829,-33
6830,-83
6831,9
6832,68
6833,39
6834,3
6835,9
6836,-50
6837,-1
6838,90
6839,-84
6840,44
6841,-47
6842,-55
6843,-42
6844,-25
6845,-32
6846,11
6847,47
6848,1
6849,-27
6850,85
6851,-98
6852,-83
6853,4
6854,-84
6855,44
6856,-29
6857,32
6858,-40
6859,-87
6860,-43
6861,37
6862,15
6863,89
6864,12
6865,61
6866,36
6867,-82
6868,50
6869,-29
6870,-25
6871,57
6872,13
6873,-21
6874,23
6875,16
6876,51
6877,25
6878,65
6879,-80
6880,-24
6881,16
6882,68
6883,95
6884,-33
6885,90
6886,-44
6887,81
6888,0
6889,43
6890,-37
6891,-91
6892,43
6893,-12
6894,37
6895,86
6896,80
6897,50
6898,-61
6899,49
6900,-64
6901,4
6902,-25
6903,-54
6904,55
6905,3
6906,20
6907,-46
6908,-35
6909,90
6910,-55
6911,-26
6912,-24
6913,-80
6914,-70
6915,58
6916,43
6917,-94
6918,-37
6919,62
6920,-34
6921,37
6922,38
6923,-82
6924,59
6925,41
6926,81
6927,89
6928,-22
6929,33
6930,-7
6931,-69
6932,-27
6933,-27
6934,35
6935,-99
6936,-28
6937,-16
6938,37
6939,23
6940,-51
6941,20
6942,12
6943,-86
6944,32
6945,-99
6946,-42
6947,90
6948,-14
6949,76
6950,51
6951,40
6952,-88
6953,49
6954,-12
6955,51
6956,21
6957,-94
6958,-53
6959,16
6960,86
6961,27
6962,92
6963,40
6964,90
6965,32
6966,11
6967,81
6968,38
6969,52
6970,-8
6971,1
6972,-3
6973,-21
6974,-79
6975,83
6976,61
6977,-20
6978,60
6979,42
6980,13
6981,-99
6982,35
6983,92
6984,-59
6985,-76
6986,49
6987,-34
6988,-97
6989,-10
6990,-33
6991,37
6992,47
6993,52
6994,-65
6995,-6
6996,-16
6997,47
6998,97
6999,96
7000,-20
7001,-47
7002,29
7003,19
7004,70
7005,28
7006,75
7007,71
7008,46
7009,-36
7010,-54
7011,98
7012,-95
7013,-2
7014,55
7015,-60
7016,19
7017,97
7018,67
7019,63
7020,63
7021,-4
7022,-11
7023,-37
7024,-25
7025,-88
7026,65
7027,-55
7028,-79
7029,-47
7030,-16
7031,-15
7032,15
7033,16
7034,-90
7035,-59
7036,-96
7037,-95
7038,-33
7039,-87
7040,30
7041,64
7042,-35
7043,-11
7044,10
7045,48
7046,-23
7047,-40
7048,-11
7049,-11
7050,-86
7051,88
7052,16
7053,-77
7054,-29
7055,54
7056,54
7057,5
7058,22
7059,7
7060,-60
7061,9
7062,97
7063,50
7064,13
7065,-42
7066,13
7067,-4
7068,9
7069,60
7070,26
7071,89
7072,-66
7073,65
7074,71
7075,-2
7076,55
7077,50
7078,-26
7079,-38
7080,-37
7081,26
7082,82
7083,-81
7084,51
7085,51
7086,0
7087,4
7088,-58
7089,-68
7090,-24
7091,28
7092,47
7093,-58
7094,-30
7095,14
7096,-84
7097,-95
7098,-70
7099,-65
7100,46
7101,26
7102,-6
7103,-83
7104,-62
7105,-33
7106,33
7107,-58
7108,-76
7109,82
7110,-52
7111,1
7112,-85
7113,24
7114,69
7115,2
7116,15
7117,-30
7118,83
7119,-42
7120,-50
7121,70
7122,-85
7123,2
7124,3
7125,-16
7126,62
7127,64
7128,-58
7129,-35
7130,78
7131,58
7132,63
7133,30
7134,-71
7135,-42
7136,-91
7137,-48
7138,59
7139,-16
7140,73
7141,-70
7142,-86
7143,-16
7144,98
7145,-15
7146,4
7147,-100
7148,-59
7149,-45
7150,-64
7151,-93
7152,70
7153,8
7154,42
7155,55
7156,-40
7157,69
7158,-48
7159,27
7160,-30
7161,46
7162,97
7163,22
7164,63
7165,-5
7166,21
7167,30
7168,-40
7169,3
7170,-49
7171,34
7172,-69
7173,63
7174,11
7175,48
7176,25
7177,-83
7178,24
7179,-66
7180,23
7181,-27
7182,-4
7183,74
7184,-42
7185,-77
7186,-21
7187,76
7188,28
7189,-1
7190,-71
7191,-40
7192,-45
7193,40
7194,30
7195,13
7196,24
7197,-57
7198,-42
7199,-22
7200,84
7201,85
7202,-44
7203,-54
7204,90
7205,45
7206,88
7207,-10
7208,83
7209,10
7210,-95
7211,-29
7212,19
7213,91
7214,29
7215,-60
7216,-47
7217,-20
7218,-35
7219,89
7220,88
7221,-100
7222,7
7223,-23
7224,-93
7225,46
7226,-42
7227,-35
7228,100
7229,-20
7230,-32
7231,-98
7232,-51
7233,-32
7234,-93
7235,-88
7236,-83
7237,-69
7238,-84
7239,35
7240,-84
7241,62
7242,13
7243,18
7244,61
7245,63
7246,-93
7247,21
7248,36
7249,-54
7250,70
7251,53
7252,-23
7253,-21
7254,-77
7255,33
7256,-75
7257,-56
7258,-30
7259,-49
7260,-1
7261,-87
7262,-20
7263,-61
7264,86
7265,14
7266,95
7267,69
7268,-59
7269,79
7270,-9
7271,63
7272,60
7273,45
7274,-39
7275,23
7276,48
7277,-58
7278,31
7279,73
7280,80
7281,-26
7282,-34
7283,90
7284,-75
7285,-77
7286,-79
7287,-80
7288,-45
7289,23
7290,-31
7291,3
7292,4
7293,42
7294,49
7295,77
7296,81
7297,-26
7298,-11
7299,-93
7300,70
7301,-64
7302,-82
7303,-12
7304,-100
7305,-54
7306,-38
7307,74
7308,55
7309,78
7310,-88
7311,-88
7312,16
7313,15
7314,-48
7315,47
7316,-92
7317,-65
7318,-28
7319,89
7320,26
7321,-45
7322,90
7323,84
7324,-25
7325,-49
7326,-41
7327,-59
7328,14
7329,-6
7330,-87
7331,46
7332,-36
7333,39
7334,33
7335,-18
7336,94
7337,-66
7338,49
7339,22
7340,-97
7341,100
7342,-18
7343,-20
7344,44
7345,12
7346,-49
7347,-76
7348,91
7349,-99
7350,-29
7351,21
7352,34
7353,-1
7354,75
7355,-100
7356,-76
7357,-64
7358,-10
7359,-3
7360,19
7361,22
7362,-18
7363,59
7364,66
7365,25
7366,-21
7367,48
7368,-33
7369,-32
7370,87
7371,31
7372,15
7373,-53
7374,-4
7375,-27
7376,35
7377,-93
7378,93
7379,67
7380,-20
7381,2
7382,-83
7383,47
7384,-57
7385,29
7386,93
7387,-95
7388,48
7389,-34
7390,-36
7391,-31
7392,96
7393,-16
7394,-55
7395,61
7396,-14
7397,22
7398,-83
7399,37
7400,-74
7401,12
7402,-56
7403,43
7404,-44
7405,44
7406,24
7407,27
7408,-72
7409,35
7410,-66
7411,-44
7412,87
7413,-86
7414,-61
7415,-67
7416,-19
7417,88
7418,-76
7419,97
7420,-93
7421,-77
7422,8
7423,17
7424,-77
7425,14
7426,-29
7427,-88
7428,100
7429,49
7430,-54
7431,43
7432,31
7433,18
7434,-80
7435,-86
7436,74
7437,-86
7438,54
7439,-79
7440,-64
7441,-91
7442,50
7443,25
7444,57
7445,2
7446,84
7447,-96
7448,47
7449,36
7450,-19
7451,16
7452,25
7453,-27
7454,-33
7455,-69
7456,46
7457,29
7458,36
7459,9
7460,-52
7461,23
7462,59
7463,0
7464,18
7465,-72
7466,-81
7467,69
7468,81
7469,-30
7470,0
7471,86
7472,-66
7473,63
7474,30
7475,46
7476,-79
7477,-75
7478,-93
7479,16
7480,-82
7481,-88
7482,78
7483,-51
7484,99
7485,-29
7486,16
7487,-30
7488,63
7489,-48
7490,-55
7491,100
7492,45
7493,-49
7494,-19
7495,100
7496,91
7497,87
7498,80
7499,53
7500,52
7501,-86
7502,85
7503,-18
7504,63
7505,1
7506,86
7507,-59
7508,88
7509,49
7510,99
7511,-28
7512,24
7513,-52
7514,50
7515,-74
7516,-7
7517,76
7518,39
7519,14
7520,70
7521,95
7522,-80
7523,70
7524,80
7525,-55
7526,-45
7527,-33
7528,-84
7529,23
7530,-51
7531,-33
7532,36
7533,-51
7534,55
7535,-76
7536,-58
7537,29
7538,47
7539,-37
7540,-89
7541,15
7542,58
7543,-76
7544,73
7545,-22
7546,-32
7547,-91
7548,-57
7549,-67
7550,36
7551,4
7552,7
7553,-47
7554,-5
7555,-41
7556,94
7557,-9
7558,-62
7559,63
7560,47
7561,64
7562,96
7563,67
7564,65
7565,-24
7566,-25
7567,71
7568,52
7569,51
7570,-36
7571,-76
7572,-64
7573,-26
7574,-100
7575,61
7576,43
7577,23
7578,-94
7579,27
7580,-51
7581,85
7582,-61
7583,-84
7584,89
7585,27
7586,31
7587,-63
7588,-85
7589,-22
7590,15
7591,-90
7592,81
7593,-65
7594,-89
7595,-72
7596,-93
7597,-20
7598,32
7599,14
7600,-55
7601,-38
7602,99
7603,-33
7604,61
7605,-43
7606,71
7607,13
7608,-26
7609,-95
7610,-44
7611,-71
7612,-14
7613,-28
7614,-10
7615,-32
7616,11
7617,8
7618,-100
7619,-66
7620,-74
7621,-98
7622,-28
7623,58
7624,-96
7625,-53
7626,-5
7627,86
7628,-66
7629,44
7630,-76
7631,3
7632,45
7633,45
7634,-57
7635,-13
7636,-39
7637,98
7638,-84
7639,70
7640,-15
7641,35
7642,40
7643,23
7644,-6
7645,-81
7646,-60
7647,29
7648,-76
7649,-20
7650,-96
7651,5
7652,89
7653,29
7654,-58
7655,-87
7656,59
7657,9
7658,-28
7659,14
7660,62
7661,-60
7662,75
7663,-74
7664,38
7665,-10
7666,0
7667,24
7668,77
7669,22
7670,-81
7671,-54
7672,51
7673,20
7674,87
7675,53
7676,79
7677,-53
7678,85
7679,5
7680,49
7681,24
7682,-44
7683,-43
7684,-76
7685,-64
7686,-57
7687,-82
7688,-37
7689,21
7690,92
7691,-66
7692,-12
7693,-55
7694,25
7695,-94
7696,82
7697,68
7698,-9
7699,50
7700,22
7701,46
7702,77
7703,12
7704,31
7705,48
7706,57
7707,-87
7708,-80
7709,-20
7710,14
7711,50
7712,80
7713,12
7714,-16
7715,-52
7716,-64
7717,93
7718,-59
7719,-43
7720,-97
7721,85
7722,12
7723,7
7724,-30
7725,18
7726,28
7727,-75
7728,1
7729,-53
7730,56
7731,-7
7732,-28
7733,-18
7734,96
7735,78
7736,34
7737,-75
7738,-82
7739,41
7740,-35
7741,22
7742,53
7743,-40
7744,-21
7745,13
7746,-54
7747,72
7748,-23
7749,48
7750,2
7751,-28
7752,32
7753,82
7754,18
7755,-59
7756,44
7757,21
7758,65
7759,-2
7760,-99
7761,90
7762,-36
7763,-81
7764,78
7765,-66
7766,12
7767,-4
7768,51
7769,31
7770,58
7771,6
7772,30
7773,-15
7774,28
7775,-24
7776,-22
7777,80
7778,4
7779,-29
7780,90
7781,63
7782,-76
7783,-67
7784,-31
7785,-99
7786,8
7787,-17
7788,6
7789,100
7790,31
7791,-13
7792,-62
7793,-43
7794,90
7795,45
7796,59
7797,-92
7798,-24
7799,69
7800,-55
7801,-52
7802,86
7803,-65
7804,94
7805,59
7806,-99
7807,-25
7808,-28
7809,71
7810,-49
7811,21
7812,67
7813,81
7814,8
7815,61
7816,6
7817,19
7818,-100
7819,-68
7820,21
7821,-96
7822,-55
7823,-1
7824,-55
7825,-6
7826,28
7827,-86
7828,-9
7829,-6
7830,57
7831,29
7832,34
7833,47
7834,34
7835,98
7836,-86
7837,-64
7838,-54
7839,95
7840,-67
7841,27
7842,-2
7843,-47
7844,82
7845,-57
7846,93
7847,13
7848,-96
7849,-91
7850,33
7851,-82
7852,37
7853,-31
7854,-68
7855,-18
7856,29
7857,53
7858,0
7859,33
7860,-64
7861,-20
7862,37
7863,66
7864,-90
7865,99
7866,-52
7867,98
7868,7
7869,12
7870,-47
7871,-100
7872,93
7873,1
7874,-29
7875,33
7876,73
7877,-14
7878,-85
7879,-93
7880,97
7881,30
7882,-42
7883,32
7884,-52
7885,-70
7886,52
7887,-75
7888,-47
7889,-38
7890,42
7891,46
7892,-87
7893,-56
7894,33
7895,15
7896,47
7897,66
7898,95
7899,87
7900,70
7901,-45
7902,38
7903,8
7904,-43
7905,23
7906,-92
7907,83
7908,-51
7909,32
7910,-48
7911,87
7912,67
7913,42
7914,55
7915,88
7916,34
7917,-87
7918,71
7919,75
7920,-34
7921,-42
7922,7
7923,-66
7924,-81
7925,67
7926,66
7927,-64
7928,-38
7929,-99
7930,-44
7931,-32
7932,-48
7933,-59
7934,29
7935,77
7936,-96
7937,-82
7938,86
7939,51
7940,-17
7941,4
7942,-20
7943,-50
7944,-5
7945,-5
7946,-82
7947,65
7948,-62
7949,-64
7950,84
7951,100
7952,-35
7953,69
7954,-28
7955,25
7956,-89
7957,13
7958,80
7959,-39
7960,69
7961,-49
7962,37
7963,-18
7964,94
7965,45
7966,75
7967,9
7968,-30
7969,-93
7970,-29
7971,50
7972,25
7973,-77
7974,-87
7975,-64
7976,-89
7977,-56
7978,-42
7979,69
7980,76
7981,-83
7982,91
7983,-63
7984,-62
7985,-92
7986,25
7987,1
7988,14
7989,-59
7990,-56
7991,38
7992,32
7993,-34
7994,59
7995,-96
7996,80
7997,17
7998,42
7999,-50
8000,73
8001,16
8002,80
8003,-84
8004,82
8005,95
8006,-37
8007,-79
8008,-86
8009,-80
8010,4
8011,-41
8012,17
8013,58
8014,32
8015,-57
8016,-74
8017,99
8018,76
8019,73
8020,-65
8021,-87
8022,30
8023,-22
8024,-13
8025,78
8026,-45
8027,74
8028,83
8029,-88
8030,-78
8031,95
8032,-13
8033,42
8034,-78
8035,44
8036,-56
8037,-84
8038,74
8039,34
8040,-15
8041,-44
8042,-88
8043,-60
8044,-76
8045,67
8046,-59
8047,-63
8048,40
8049,34
8050,58
8051,1
8052,-64
8053,75
8054,45
8055,27
8056,-60
8057,15
8058,100
8059,-42
8060,35
8061,91
8062,19
8063,68
8064,-41
8065,-1
8066,41
8067,-36
8068,-45
8069,92
8070,-94
8071,49
8072,-43
8073,87
8074,-54
8075,-53
8076,-90
8077,-67
8078,-12
8079,-22
8080,71
8081,-80
8082,-81
8083,95
8084,53
8085,78
8086,7
8087,72
8088,-30
8089,-98
8090,58
8091,-23
8092,34
8093,-20
8094,-48
8095,-49
8096,-86
8097,82
8098,-3
8099,-41
8100,41
8101,9
8102,44
8103,-26
8104,-58
8105,-73
8106,-9
8107,70
8108,58
8109,-55
8110,56
8111,-47
8112,60
8113,-44
8114,24
8115,2
8116,89
8117,46
8118,53
8119,55
8120,16
8121,55
8122,29
8123,81
8124,-38
8125,-77
8126,68
8127,69
8128,38
8129,82
8130,-37
8131,36
8132,85
8133,-43
8134,-17
8135,74
8136,-86
8137,89
8138,-40
8139,-55
8140,29
8141,87
8142,-51
8143,15
8144,-61
8145,-74
8146,-38
8147,-88
8148,15
8149,20
8150,43
8151,-49
8152,95
8153,-4
8154,38
8155,-22
8156,48
8157,-51
8158,29
8159,-13
8160,-21
8161,-19
8162,-63
8163,-26
8164,-54
8165,-95
8166,-71
8167,36
8168,-70
8169,-14
8170,-28
8171,-59
8172,47
8173,41
8174,-15
8175,-51
8176,91
8177,12
8178,-67
8179,-39
8180,-21
8181,-76
8182,-44
8183,-16
8184,89
8185,14
8186,-93
8187,-83
8188,-97
8189,-20
8190,14
8191,-94
8192,69
8193,-42
8194,-73
8195,72
8196,51
8197,-72
8198,36
8199,20
8200,-96
8201,23
8202,-25
8203,-19
8204,-96
8205,-32
8206,4
8207,-19
8208,-29
8209,-12
8210,-33
8211,33
8212,89
8213,-27
8214,78
8215,20
8216,-50
8217,22
8218,93
8219,91
8220,-88
8221,33
8222,-81
8223,86
8224,94
8225,-12
8226,-26
8227,-16
8228,-7
8229,-4
8230,-58
8231,3
8232,14
8233,-12
8234,-70
8235,-72
8236,-40
8237,-65
8238,-34
8239,-10
8240,-87
8241,26
8242,-100
8243,-55
8244,21
8245,84
8246,22
8247,-28
8248,90
8249,-94
8250,72
8251,26
8252,13
8253,24
8254,-29
8255,20
8256,-86
8257,37
8258,-74
8259,-98
8260,-57
8261,-42
8262,26
8263,19
8264,-81
8265,76
8266,17
8267,-13
8268,-47
8269,-95
8270,-50
8271,94
8272,-87
8273,89
8274,-4
8275,71
8276,29
8277,55
8278,-73
8279,-9
8280,2
8281,-47
8282,-73
8283,6
8284,-71
8285,-57
8286,100
8287,46
8288,67
8289,65
8290,48
8291,-27
8292,22
8293,-24
8294,-25
8295,-52
8296,-59
8297,68
8298,35
8299,-92
8300,-25
8301,-78
8302,-51
8303,57
8304,30
8305,-69
8306,-66
8307,-83
8308,-80
8309,-6
8310,42
8311,76
8312,38
8313,47
8314,-21
8315,53
8316,-62
8317,-97
8318,-39
8319,-49
8320,-54
8321,23
8322,38
8323,73
8324,-61
8325,95
8326,7
8327,-90
8328,67
8329,-64
8330,6
8331,-15
8332,96
8333,-68
8334,80
8335,79
8336,-1
8337,-95
8338,14
8339,-56
8340,94
8341,89
8342,-64
8343,67
8344,31
8345,55
8346,-57
8347,-71
8348,95
8349,93
8350,-71
8351,-37
8352,17
8353,60
8354,-5
8355,36
8356,-39
8357,53
8358,46
8359,67
8360,-44
8361,65
8362,-37
8363,56
8364,-46
8365,-20
8366,-28
8367,10
8368,25
8369,-43
8370,-52
8371,-59
8372,92
8373,30
8374,92
8375,51
8376,68
8377,51
8378,-29
8379,-47
8380,18
8381,-9
8382,-99
8383,-50
8384,23
8385,-80
8386,58
8387,20
8388,-71
8389,85
8390,-59
8391,25
8392,-53
8393,8
8394,-28
8395,-99
8396,-46
8397,-10
8398,-14
8399,-53
8400,-26
8401,21
8402,81
8403,63
8404,44
8405,-1
8406,-74
8407,-44
8408,-82
8409,92
8410,35
8411,-34
8412,-94
8413,-18
8414,81
8415,33
8416,-39
8417,-69
8418,-42
8419,-45
8420,53
8421,-78
8422,54
8423,37
8424,27
8425,-78
8426,97
8427,50
8428,74
8429,-4
8430,-14
8431,24
8432,-14
8433,26
8434,-43
8435,-19
8436,37
8437,66
8438,-46
8439,-45
8440,8
8441,39
8442,-89
8443,-29
8444,-92
8445,-59
8446,8
8447,-36
8448,-86
8449,29
8450,65
8451,88
8452,99
8453,-20
8454,77
8455,-9
8456,60
8457,-32
8458,36
8459,-36
8460,54
8461,-90
8462,-38
8463,22
8464,73
8465,-93
8466,-43
8467,-62
8468,-64
8469,6
8470,32
8471,68
8472,37
8473,-66
8474,4
8475,-90
8476,-45
8477,30
8478,-75
8479,-52
8480,15
8481,-68
8482,-35
8483,22
8484,19
8485,-24
8486,8
8487,38
8488,-9
8489,87
8490,-99
8491,61
8492,8
8493,-47
8494,28
8495,-35
8496,-91
8497,-23
8498,66
8499,-98
8500,-31
8501,75
8502,-89
8503,-49
8504,-23
8505,25
8506,-65
8507,71
8508,-55
8509,-84
8510,5
8511,34
8512,84
8513,-39
8514,56
8515,-98
8516,-77
8517,-81
8518,-31
8519,-55
8520,16
8521,21
8522,21
8523,96
8524,15
8525,30
8526,1
8527,-76
8528,37
8529,-55
8530,-95
8531,-9
8532,-69
8533,36
8534,81
8535,-92
8536,70
8537,-55
8538,-55
8539,70
8540,-57
8541,-52
8542,-69
8543,-95
8544,-7
8545,16
8546,-45
8547,25
8548,-100
8549,-81
8550,11
8551,-48
8552,13
8553,-99
8554,-47
8555,-30
8556,-74
8557,-57
8558,38
8559,9
8560,77
8561,-71
8562,97
8563,66
8564,-5
8565,-68
8566,-55
8567,91
8568,15
8569,-75
8570,-100
8571,90
8572,-17
8573,-23
8574,-94
8575,-95
8576,97
8577,13
8578,-87
8579,14
8580,-4
8581,-34
8582,83
8583,-83
8584,-87
8585,51
8586,59
8587,-73
8588,-44
8589,-16
8590,-1
8591,-25
8592,-91
8593,26
8594,88
8595,-71
8596,87
8597,-91
8598,11
8599,88
8600,-10
8601,-9
8602,72
8603,41
8604,67
8605,-56
8606,58
8607,4
8608,12
8609,39
8610,-28
8611,53
8612,31
8613,-56
8614,69
8615,-35
8616,-64
8617,-3
8618,-71
8619,-51
8620,95
8621,-55
8622,69
8623,21
8624,88
8625,-80
8626,-49
8627,-66
8628,-76
8629,8
8630,-74
8631,-71
8632,41
8633,-45
8634,-47
8635,-12
8636,-37
8637,85
8638,28
8639,20
8640,22
8641,-7
8642,19
8643,59
8644,-6
8645,50
8646,-31
8647,43
8648,-42
8649,53
8650,-32
8651,-24
8652,-99
8653,-90
8654,-54
8655,-7
8656,32
8657,-88
8658,-33
8659,-34
8660,-32
8661,-49
8662,50
8663,-96
8664,80
8665,38
8666,67
8667,-73
8668,19
8669,-75
8670,-17
8671,29
8672,84
8673,-45
8674,-52
8675,97
8676,42
8677,-43
8678,93
8679,-45
8680,-77
8681,-74
8682,1
8683,83
8684,93
8685,51
8686,57
8687,-25
8688,30
8689,75
8690,47
8691,70
8692,62
8693,-29
8694,48
8695,-65
8696,89
8697,40
8698,-53
8699,10
8700,-63
8701,95
8702,-6
8703,-73
8704,15
8705,1
8706,71
8707,-28
8708,-99
8709,36
8710,82
8711,-50
8712,44
8713,-82
8714,72
8715,80
8716,-31
8717,41
8718,-63
8719,98
8720,39
8721,91
8722,-93
8723,21
8724,27
8725,-16
8726,-78
8727,-21
8728,-88
8729,-39
8730,-62
8731,-72
8732,-5
8733,-94
8734,70
8735,79
8736,-80
8737,12
8738,-81
8739,44
8740,71
8741,-52
8742,83
8743,-90
8744,15
8745,-74
8746,50
8747,-62
8748,-10
8749,40
8750,44
8751,-61
8752,90
8753,27
8754,99
8755,-54
8756,28
8757,0
8758,-14
8759,51
8760,77
8761,-12
8762,23
8763,-86
8764,48
8765,-28
8766,-76
8767,75
8768,-47
8769,50
8770,46
8771,-5
8772,7
8773,60
8774,-24
8775,-23
8776,-13
8777,34
8778,2
8779,-40
8780,-18
8781,-89
8782,-37
8783,-89
8784,75
8785,-55
8786,-30
8787,-97
8788,20
8789,-70
8790,70
8791,8
8792,-29
8793,-82
8794,-11
8795,-52
8796,-98
8797,-1
8798,-7
8799,-46
8800,-54
8801,-26
8802,27
8803,80
8804,-52
8805,16
8806,-54
8807,-90
8808,-24
8809,-67
8810,41
8811,-6
8812,-49
8813,3
8814,-20
8815,77
8816,-38
8817,98
8818,-91
8819,-86
8820,-76
8821,-30
8822,-77
8823,-53
8824,45
8825,-78
8826,43
8827,-51
8828,-62
8829,-21
8830,28
8831,-2
8832,-7
8833,40
8834,42
8835,67
8836,93
8837,-25
8838,-88
8839,-55
8840,76
8841,99
8842,76
8843,40
8844,65
8845,-42
8846,-80
8847,-55
8848,-20
8849,-55
8850,-86
8851,-71
8852,15
8853,14
8854,16
8855,7
8856,24
8857,-24
8858,13
8859,-17
8860,-78
8861,11
8862,-91
8863,-60
8864,70
8865,93
8866,-100
8867,93
8868,13
8869,-36
8870,95
8871,-60
8872,50
8873,0
8874,52
8875,30
8876,57
8877,-76
8878,-92
8879,69
8880,30
8881,-72
8882,1
8883,48
8884,-42
8885,51
8886,-65
8887,-29
8888,-93
8889,50
8890,-56
8891,60
8892,-33
8893,77
8894,30
8895,-48
8896,8
8897,-30
8898,35
8899,25
8900,44
8901,-72
8902,40
8903,-2
8904,-75
8905,-95
8906,-74
8907,50
8908,36
8909,-77
8910,1
8911,33
8912,92
8913,82
8914,3
8915,-90
8916,-35
8917,-41
8918,-7
8919,76
8920,-43
8921,-91
8922,-92
8923,-62
8924,-37
8925,53
8926,99
8927,42
8928,-93
8929,-84
8930,88
8931,79
8932,92
8933,86
8934,24
8935,76
8936,-5
8937,64
8938,64
8939,-83
8940,78
8941,87
8942,-35
8943,80
8944,-5
8945,36
8946,-20
8947,-98
8948,38
8949,-89
8950,5
8951,-10
8952,-92
8953,99
8954,-12
8955,-91
8956,-34
8957,-81
8958,-55
8959,76
8960,-47
8961,-45
8962,-81
8963,8
8964,41
8965,-36
8966,24
8967,-31
8968,31
8969,-62
8970,67
8971,13
8972,18
8973,29
8974,99
8975,84
8976,51
8977,24
8978,4
8979,-42
8980,-65
8981,-14
8982,-70
8983,27
8984,-49
8985,-23
8986,78
8987,13
8988,15
8989,-61
8990,-73
8991,-53
8992,-20
8993,-97
8994,14
8995,-80
8996,-74
8997,-20
8998,-56
8999,-92
9000,63
9001,-34
9002,-53
9003,40
9004,81
9005,77
9006,2
9007,-24
9008,36
9009,55
9010,-38
9011,-52
9012,-19
9013,-65
9014,19
9015,-49
9016,-39
9017,82
9018,-88
9019,38
9020,91
9021,71
9022,99
9023,12
9024,-99
9025,-12
9026,75
9027,58
9028,-30
9029,43
9030,11
9031,-22
9032,-4
9033,-6
9034,-71
9035,58
9036,37
9037,26
9038,1
9039,-75
9040,1
9041,-48
9042,-31
9043,88
9044,75
9045,16
9046,61
9047,-32
9048,77
9049,-52
9050,26
9051,-92
9052,-26
9053,-26
9054,56
9055,58
9056,93
9057,12
9058,25
9059,8
9060,-52
9061,-54
9062,-37
9063,-90
9064,6
9065,49
9066,70
9067,63
9068,39
9069,-22
9070,-46
9071,-67
9072,52
9073,-82
9074,-45
9075,-55
9076,85
9077,-17
9078,-46
9079,-79
9080,-100
9081,-89
9082,-26
9083,-98
9084,-10
9085,-6
9086,-97
9087,-87
9088,14
9089,-21
9090,1
9091,-97
9092,14
9093,-2
9094,63
9095,71
9096,-74
9097,-38
9098,41
9099,3
9100,4
9101,-65
9102,15
9103,69
9104,-25
9105,-50
9106,69
9107,17
9108,47
9109,80
9110,-83
9111,99
9112,-93
9113,91
9114,-57
9115,30
9116,40
9117,-27
9118,62
9119,63
9120,-29
9121,94
9122,-43
9123,30
9124,86
9125,-18
9126,87
9127,73
9128,74
9129,-51
9130,-82
9131,-33
9132,20
9133,-15
9134,70
9135,22
9136,27
9137,51
9138,76
9139,-43
9140,-33
9141,34
9142,87
9143,47
9144,51
9145,11
9146,-75
9147,49
9148,1
9149,47
9150,76
9151,20
9152,-41
9153,-63
9154,74
9155,-3
9156,55
9157,-13
9158,-63
9159,-28
9160,22
9161,35
9162,16
9163,-11
9164,-56
9165,-96
9166,-81
9167,-63
9168,-76
9169,-1
9170,-37
9171,-40
9172,15
9173,92
9174,-73
9175,-58
9176,-65
9177,-26
9178,-69
9179,73
9180,-94
9181,46
9182,9
9183,-43
9184,23
9185,98
9186,-57
9187,-28
9188,-20
9189,-13
9190,20
9191,71
9192,23
9193,20
9194,62
9195,33
9196,5
9197,-28
9198,95
9199,6
9200,54
9201,-21
9202,-65
9203,-49
9204,-64
9205,-33
9206,4
9207,-5
9208,40
9209,92
9210,7
9211,-65
9212,-25
9213,89
9214,41
9215,74
9216,98
9217,-43
9218,-18
9219,69
9220,82
9221,52
9222,83
9223,-84
9224,-8
9225,-93
9226,-11
9227,30
9228,-15
9229,-40
9230,17
9231,56
9232,78
9233,-27
9234,12
9235,20
9236,34
9237,80
9238,21
9239,90
9240,-76
9241,58
9242,-3
9243,36
9244,-22
9245,-3
9246,65
9247,35
9248,-35
9249,86
9250,21
9251,-68
9252,-36
9253,-44
9254,-35
9255,97
9256,-91
9257,93
9258,-31
9259,33
9260,53
9261,-70
9262,65
9263,-37
9264,-77
9265,-57
9266,45
9267,-11
9268,-5
9269,-54
9270,-12
9271,-77
9272,-1
9273,-28
9274,-23
9275,-90
9276,60
9277,82
9278,-90
9279,-70
9280,97
9281,47
9282,-85
9283,-46
9284,-22
9285,-55
9286,55
9287,35
9288,26
9289,-34
9290,-19
9291,57
9292,-58
9293,43
9294,-100
9295,42
9296,-13
9297,53
9298,82
9299,21
9300,63
9301,-34
9302,34
9303,57
9304,-43
9305,-85
9306,33
9307,32
9308,-62
9309,-55
9310,-96
9311,98
9312,17
9313,8
9314,-66
9315,86
9316,69
9317,-15
9318,35
9319,22
9320,75
9321,-87
9322,25
9323,46
9324,-55
9325,-55
9326,-73
9327,56
9328,-73
9329,62
9330,12
9331,34
9332,55
9333,42
9334,11
9335,84
9336,-45
9337,-31
9338,78
9339,24
9340,99
9341,87
9342,-93
9343,-79
9344,-73
9345,-84
9346,-36
9347,3
9348,-74
9349,-85
9350,-83
9351,-33
9352,39
9353,-95
9354,-82
9355,93
9356,-64
9357,-14
9358,62
9359,11
9360,81
9361,-84
9362,-69
9363,77
9364,-41
9365,-25
9366,96
9367,45
9368,17
9369,10
9370,38
9371,53
9372,-8
9373,-99
9374,90
9375,32
9376,92
9377,-80
9378,-88
9379,-70
9380,28
9381,76
9382,32
9383,32
9384,-17
9385,-80
9386,98
9387,44
9388,-45
9389,6
9390,-70
9391,-43
9392,51
9393,-37
9394,-47
9395,-52
9396,-70
9397,43
9398,-37
9399,32
9400,34
9401,-98
9402,66
9403,31
9404,45
9405,65
9406,-57
9407,98
9408,44
9409,-40
9410,-91
9411,48
9412,7
9413,-96
9414,23
9415,34
9416,31
9417,-77
9418,18
9419,73
9420,-6
9421,-71
9422,91
9423,-13
9424,-96
9425,-54
9426,19
9427,-9
9428,90
9429,26
9430,33
9431,-27
9432,-25
9433,-89
9434,-80
9435,2
9436,34
9437,-30
9438,90
9439,36
9440,-4
9441,-28
9442,98
9443,58
9444,76
9445,-71
9446,61
9447,15
9448,-18
9449,61
9450,-40
9451,-99
9452,44
9453,-11
9454,7
9455,37
9456,-14
9457,-15
9458,81
9459,95
9460,-74
9461,4
9462,18
9463,36
9464,63
9465,88
9466,-13
9467,-28
9468,-65
9469,76
9470,47
9471,9
9472,21
9473,88
9474,38
9475,22
9476,11
9477,-31
9478,29
9479,74
9480,-99
9481,99
9482,18
9483,12
9484,38
9485,-100
9486,83
9487,90
9488,-98
9489,19
9490,-88
9491,87
9492,-95
9493,-57
9494,-25
9495,40
9496,7
9497,84
9498,68
9499,84
9500,63
9501,-39
9502,72
9503,12
9504,61
9505,26
9506,-80
9507,-55
9508,-48
9509,-63
9510,-75
9511,-50
9512,-78
9513,-24
9514,98
9515,2
9516,90
9517,85
9518,12
9519,-36
9520,-71
9521,-48
9522,-91
9523,-60
9524,49
9525,-92
9526,62
9527,43
9528,-27
9529,-62
9530,-15
9531,10
9532,-80
9533,83
9534,-72
9535,93
9536,-79
9537,-94
9538,-58
9539,-28
9540,18
9541,48
9542,82
9543,24
9544,55
9545,33
9546,-69
9547,39
9548,81
9549,45
9550,31
9551,-64
9552,7
9553,-88
9554,79
9555,-22
9556,-38
9557,54
9558,-35
9559,-48
9560,-3
9561,95
9562,-15
9563,-8
9564,-28
9565,-7
9566,-94
9567,-58
9568,87
9569,29
9570,-73
9571,-7
9572,83
9573,5
9574,-62
9575,-85
9576,-36
9577,3
9578,69
9579,18
9580,60
9581,-22
9582,80
9583,-85
9584,-38
9585,-3
9586,48
9587,51
9588,14
9589,32
9590,77
9591,-86
9592,-8
9593,-23
9594,-79
9595,-9
9596,50
9597,-61
9598,11
9599,95
9600,-94
9601,-88
9602,-95
9603,38
9604,10
9605,-1
9606,50
9607,-94
9608,-9
9609,16
9610,85
9611,-16
9612,52
9613,-14
9614,30
9615,53
9616,66
9617,-91
9618,68
9619,-32
9620,-68
9621,-22
9622,-79
9623,-81
9624,-79
9625,10
9626,78
9627,-67
9628,-43
9629,72
9630,-36
9631,-72
9632,-2
9633,45
9634,-52
9635,80
9636,11
9637,-76
9638,-100
9639,-100
9640,-51
9641,-11
9642,-39
9643,-77
9644,32
9645,59
9646,64
9647,-49
9648,80
9649,-55
9650,7
9651,83
9652,24
9653,-62
9654,-67
9655,2
9656,40
9657,11
9658,-57
9659,72
9660,65
9661,13
9662,7
9663,65
9664,50
9665,-86
9666,-82
9667,51
9668,72
9669,-38
9670,81
9671,60
9672,-79
9673,35
9674,-94
9675,-28
9676,-35
9677,74
9678,76
9679,53
9680,15
9681,-8
9682,-51
9683,83
9684,-38
9685,36
9686,81
9687,51
9688,57
9689,-3
9690,37
9691,8
9692,-83
9693,-94
9694,-94
9695,-32
9696,7
9697,18
9698,-80
9699,6
9700,-39
9701,-8
9702,-82
9703,-16
9704,40
9705,72
9706,-54
9707,-2
9708,-28
9709,4
9710,93
9711,46
9712,-31
9713,-72
9714,-1
9715,4
9716,-13
9717,-93
9718,25
9719,-27
9720,-46
9721,-32
9722,92
9723,93
9724,22
9725,-37
9726,-58
9727,-54
9728,-94
9729,22
9730,65
9731,-49
9732,-9
9733,-12
9734,37
9735,-84
9736,-63
9737,-10
9738,-76
9739,28
9740,-52
9741,-70
9742,57
9743,56
9744,95
9745,32
9746,80
9747,33
9748,-82
9749,60
9750,-32
9751,-49
9752,-20
9753,-81
9754,65
9755,15
9756,52
9757,-93
9758,-90
9759,-51
9760,33
9761,3
9762,85
9763,45
9764,69
9765,13
9766,-3
9767,-55
9768,89
9769,93
9770,96
9771,17
9772,-45
9773,7
9774,21
9775,66
9776,22
9777,-28
9778,-61
9779,81
9780,-79
9781,-93
9782,23
9783,-20
9784,57
9785,57
9786,-76
9787,11
9788,54
9789,-52
9790,-70
9791,-17
9792,-51
9793,33
9794,-69
9795,-20
9796,52
9797,27
9798,70
9799,9
9800,47
9801,68
9802,-49
9803,80
9804,27
9805,97
9806,-34
9807,90
9808,44
9809,12
9810,-70
9811,25
9812,-49
9813,-43
9814,25
9815,-73
9816,-30
9817,-47
9818,64
9819,61
9820,49
9821,-12
9822,39
9823,74
9824,84
9825,-39
9826,-24
9827,0
9828,-27
9829,81
9830,44
9831,77
9832,40
9833,-2
9834,-11
9835,57
9836,-45
9837,-46
9838,-12
9839,-14
9840,-72
9841,7
9842,36
9843,73
9844,-72
9845,14
9846,-86
9847,85
9848,-26
9849,-1
9850,89
9851,84
9852,14
9853,26
9854,-7
9855,-83
9856,-65
9857,48
9858,6
9859,77
9860,37
9861,-78
9862,34
9863,-35
9864,-43
9865,-42
9866,-77
9867,-52
9868,-88
9869,11
9870,-95
9871,65
9872,-92
9873,11
9874,59
9875,-21
9876,-72
9877,-33
9878,-30
9879,-10
9880,5
9881,-40
9882,28
9883,-60
9884,-92
9885,-45
9886,61
9887,34
9888,78
9889,-57
9890,32
9891,-52
9892,9
9893,-6
9894,65
9895,-52
9896,-48
9897,26
9898,95
9899,94
9900,33
9901,20
9902,43
9903,73
9904,81
9905,70
9906,5
9907,44
9908,17
9909,1
9910,-20
9911,33
9912,42
9913,8
9914,-69
9915,51
9916,51
9917,-35
9918,43
9919,-6
9920,-60
9921,81
9922,80
9923,84
9924,29
9925,26
9926,89
9927,-74
9928,65
9929,57
9930,56
9931,-32
9932,30
9933,8
9934,55
9935,10
9936,25
9937,13
9938,-77
9939,-93
9940,11
9941,4
9942,46
9943,44
9944,-44
9945,-99
9946,61
9947,-41
9948,-70
9949,-75
9950,45
9951,20
9952,32
9953,-97
9954,-11
9955,87
9956,0
9957,51
9958,-34
9959,48
9960,-22
9961,-81
9962,-12
9963,-3
9964,-27
9965,-100
9966,-82
9967,100
9968,-34
9969,77
9970,59
9971,-40
9972,100
9973,-57
9974,-7
9975,93
9976,83
9977,0
9978,-92
9979,-29
9980,6
9981,16
9982,-100
9983,-35
9984,-78
9985,30
9986,31
9987,-71
9988,7
9989,-13
9990,85
9991,-84
9992,73
9993,55
9994,83
9995,-41
9996,-99
9997,-80
9998,-82
9999,34
